ID_Estudiante,Nombre,Género,Etnia,Nivel_Socioeconómico,Grupo,Profesor,Calificación_Matemáticas,Calificación_Lectura,Calificación_Ciencias,Calificación_Historia,Calificación_Arte,Calificación_Educación Física,Promedio_General,Asistencia_%,En_Riesgo,Nivel_Preparación
1,Valentina Reyes,Otro,Grupo 3,Medio,C,Prof. Gómez,3.14,2.94,3.77,3.48,3.85,3.97,3.52,81.7,No,2
2,Laura Ramos,Masculino,Grupo 3,Bajo,B,Prof. Pérez,3.61,5.0,3.41,3.02,3.87,3.24,3.69,73.6,No,3
3,Elena García,Otro,Grupo 3,Medio,A,Prof. Torres,3.62,3.99,3.7,2.61,3.1,2.25,3.21,100.0,No,3
4,Pedro Reyes,Otro,Grupo 3,Medio,D,Prof. Pérez,3.54,5.0,3.87,3.59,3.37,3.51,3.81,88.6,No,4
5,Sofía Cruz,Masculino,Grupo 4,Medio,D,Prof. Morales,3.57,4.08,3.87,3.06,2.12,4.42,3.52,91.9,No,1
6,José Rodríguez,Masculino,Grupo 1,Bajo,A,Prof. Morales,2.98,3.11,4.21,2.19,4.11,4.12,3.45,87.2,No,2
7,Paula Morales,Otro,Grupo 4,Medio,D,Prof. Torres,4.03,4.08,3.74,2.57,2.8,3.45,3.44,98.8,No,3
8,Elena Martínez,Femenino,Grupo 4,Medio,C,Prof. Gómez,3.92,4.13,3.17,4.64,2.89,4.29,3.84,96.9,No,3
9,Carmen Cruz,Otro,Grupo 3,Alto,C,Prof. Gómez,2.56,3.76,3.05,3.04,2.88,3.63,3.15,88.3,No,3
10,Ana González,Otro,Grupo 2,Bajo,D,Prof. Ruiz,3.23,3.94,2.76,4.26,4.76,4.19,3.86,100.0,No,3
11,Lucía Sánchez,Otro,Grupo 2,Medio,C,Prof. Torres,3.57,4.03,3.61,3.25,3.03,2.34,3.3,91.5,No,3
12,Ricardo Flores,Otro,Grupo 4,Alto,C,Prof. Pérez,3.13,2.8,4.42,4.37,4.16,2.63,3.58,78.3,No,2
13,Andrés Sánchez,Masculino,Grupo 4,Bajo,D,Prof. Torres,3.95,2.75,3.25,4.32,3.48,4.01,3.63,90.8,No,2
14,Ricardo Martínez,Otro,Grupo 3,Alto,B,Prof. Ruiz,3.45,2.94,3.81,2.92,2.92,4.58,3.44,94.1,No,3
15,Pedro Pérez,Femenino,Grupo 4,Medio,A,Prof. Torres,3.62,3.59,2.97,2.11,2.79,3.79,3.14,88.9,No,3
16,Elena Jiménez,Masculino,Grupo 3,Bajo,C,Prof. Torres,3.22,3.34,3.64,2.17,3.06,3.15,3.1,86.7,No,2
17,Valentina Ramos,Femenino,Grupo 2,Bajo,B,Prof. Ruiz,2.1,2.82,4.38,2.93,3.45,2.9,3.1,100.0,No,2
18,Andrés Rodríguez,Femenino,Grupo 2,Medio,C,Prof. Gómez,2.06,4.04,3.98,4.82,3.92,3.28,3.68,80.5,No,3
19,Paula Morales,Femenino,Grupo 1,Bajo,C,Prof. Pérez,3.91,3.7,2.4,3.21,3.17,4.35,3.46,67.9,Sí,2
20,Sofía Torres,Femenino,Grupo 2,Medio,A,Prof. Ruiz,3.69,3.62,3.9,3.6,3.14,3.26,3.54,100.0,No,3
21,Miguel Cruz,Masculino,Grupo 4,Bajo,C,Prof. Morales,3.81,3.32,3.93,4.41,2.88,4.23,3.76,80.2,No,3
22,Fernando Martínez,Masculino,Grupo 2,Medio,A,Prof. Gómez,3.59,3.24,3.62,3.58,2.66,3.96,3.44,87.7,No,2
23,Pedro Rodríguez,Femenino,Grupo 3,Bajo,A,Prof. Morales,3.65,2.91,3.97,3.55,2.61,4.7,3.56,87.0,No,1
24,Ana Ramírez,Femenino,Grupo 2,Alto,A,Prof. Gómez,4.18,4.15,2.92,3.94,4.19,3.64,3.84,99.9,No,4
25,José Sánchez,Masculino,Grupo 1,Alto,B,Prof. Pérez,3.81,3.01,3.54,3.7,3.13,3.47,3.44,100.0,No,4
26,Paula González,Masculino,Grupo 2,Alto,D,Prof. Pérez,4.23,3.65,4.28,3.43,3.19,4.27,3.84,79.7,No,3
27,Laura López,Masculino,Grupo 3,Medio,B,Prof. Torres,3.62,4.66,4.21,2.99,3.03,2.85,3.56,100.0,No,3
28,Jorge Flores,Otro,Grupo 3,Bajo,D,Prof. Morales,3.29,3.27,3.88,3.55,3.28,3.19,3.41,100.0,No,4
29,Pedro García,Otro,Grupo 4,Medio,D,Prof. Gómez,3.64,4.17,2.88,4.27,3.76,2.32,3.51,90.2,No,5
30,Andrés Jiménez,Otro,Grupo 2,Bajo,A,Prof. Pérez,2.91,3.9,2.77,4.75,3.16,2.62,3.35,97.5,No,3
31,Ricardo Jiménez,Femenino,Grupo 3,Bajo,C,Prof. Ruiz,3.23,3.72,3.58,3.7,3.63,4.85,3.78,98.3,No,2
32,Juan Ortiz,Otro,Grupo 1,Bajo,A,Prof. Pérez,3.62,3.8,3.63,4.03,4.49,3.98,3.92,88.0,No,3
33,Sofía Jiménez,Femenino,Grupo 4,Medio,C,Prof. Ruiz,3.62,3.43,3.43,3.69,2.93,2.54,3.27,88.7,No,3
34,Sofía González,Femenino,Grupo 1,Medio,D,Prof. Gómez,3.43,3.52,2.94,3.44,3.19,4.34,3.48,94.7,No,3
35,Juan García,Otro,Grupo 2,Medio,A,Prof. Pérez,2.53,3.12,3.81,3.86,3.95,3.01,3.38,77.0,No,3
36,Carmen Ramírez,Femenino,Grupo 2,Medio,C,Prof. Pérez,3.95,3.53,3.58,4.33,4.55,3.95,3.98,87.2,No,4
37,Elena Hernández,Otro,Grupo 2,Bajo,B,Prof. Gómez,4.08,3.09,3.7,2.88,2.63,3.94,3.39,80.4,No,3
38,Elena González,Otro,Grupo 4,Alto,C,Prof. Pérez,4.65,4.2,3.92,2.48,2.31,4.67,3.71,100.0,No,2
39,Lucía Castillo,Masculino,Grupo 3,Medio,A,Prof. Ruiz,3.81,2.31,3.31,3.13,3.5,3.12,3.2,87.1,No,1
40,Juan Pérez,Otro,Grupo 4,Medio,B,Prof. Pérez,3.5,3.84,3.16,3.65,3.43,2.98,3.43,92.2,No,3
41,Carmen Ortiz,Masculino,Grupo 1,Bajo,C,Prof. Morales,2.79,3.74,4.28,4.11,3.99,1.62,3.42,88.3,No,1
42,Sofía Ramírez,Otro,Grupo 4,Medio,C,Prof. Torres,4.54,3.67,2.97,2.81,3.88,3.41,3.55,87.7,No,3
43,Jorge Reyes,Otro,Grupo 1,Medio,C,Prof. Ruiz,3.67,4.22,3.17,1.76,3.48,4.01,3.38,91.7,No,3
44,Juan Rivera,Masculino,Grupo 4,Bajo,C,Prof. Morales,3.64,3.3,4.36,3.14,4.23,4.1,3.8,84.2,No,3
45,Ricardo Flores,Masculino,Grupo 3,Bajo,C,Prof. Gómez,3.32,3.68,3.12,3.36,3.02,4.38,3.48,88.4,No,5
46,Isabel González,Otro,Grupo 1,Medio,B,Prof. Ruiz,3.28,2.3,3.43,2.69,3.65,3.7,3.18,88.4,No,3
47,Pedro García,Femenino,Grupo 2,Medio,D,Prof. Torres,3.98,3.21,3.21,2.97,2.65,3.85,3.31,86.6,No,2
48,Carlos Martínez,Masculino,Grupo 2,Bajo,B,Prof. Torres,2.78,4.1,2.25,4.11,3.47,3.55,3.38,93.1,No,2
49,María Torres,Femenino,Grupo 4,Alto,B,Prof. Gómez,4.64,2.56,3.41,3.55,2.48,4.0,3.44,86.4,No,3
50,Paula Ramírez,Femenino,Grupo 2,Bajo,B,Prof. Gómez,4.49,3.61,2.79,3.74,2.72,2.85,3.37,100.0,No,2
51,Miguel Jiménez,Femenino,Grupo 1,Medio,D,Prof. Ruiz,3.25,3.03,3.68,3.25,4.7,2.51,3.4,95.0,No,3
52,María García,Masculino,Grupo 2,Alto,A,Prof. Pérez,2.9,3.42,4.27,2.97,2.22,2.92,3.12,79.2,No,2
53,Luis Flores,Femenino,Grupo 3,Medio,D,Prof. Gómez,2.09,3.07,1.95,3.25,3.35,3.65,2.89,94.4,Sí,3
54,Ricardo Reyes,Masculino,Grupo 3,Medio,B,Prof. Pérez,2.62,2.63,3.22,3.85,4.08,2.59,3.16,84.5,No,4
55,Carlos Pérez,Femenino,Grupo 4,Bajo,C,Prof. Morales,4.01,3.77,3.82,2.46,5.0,3.06,3.69,91.1,No,1
56,José Rivera,Otro,Grupo 1,Bajo,C,Prof. Torres,3.72,3.47,1.97,4.66,3.62,3.08,3.42,84.2,No,3
57,Miguel Pérez,Otro,Grupo 3,Alto,B,Prof. Pérez,3.85,3.93,4.44,3.9,3.66,4.05,3.97,72.4,No,3
58,Andrés Ramos,Masculino,Grupo 3,Medio,C,Prof. Torres,2.21,4.06,3.77,3.12,3.53,3.96,3.44,89.8,No,4
59,Miguel Sánchez,Otro,Grupo 1,Alto,B,Prof. Pérez,3.22,4.36,4.26,4.07,4.24,3.55,3.95,78.5,No,3
60,María Rivera,Otro,Grupo 2,Bajo,C,Prof. Morales,4.46,3.59,3.11,4.36,3.8,3.82,3.86,93.4,No,3
61,Jorge Ortiz,Femenino,Grupo 2,Bajo,D,Prof. Gómez,3.43,4.39,3.19,3.27,3.1,3.83,3.54,91.4,No,4
62,Fernando Morales,Masculino,Grupo 4,Bajo,A,Prof. Morales,2.61,2.82,3.39,3.35,4.28,3.25,3.28,85.2,No,3
63,José Ramírez,Femenino,Grupo 2,Medio,A,Prof. Gómez,3.42,4.14,5.0,4.55,3.18,3.12,3.9,100.0,No,3
64,Miguel Flores,Femenino,Grupo 1,Bajo,D,Prof. Gómez,2.96,3.82,4.42,4.98,2.38,4.58,3.86,80.1,No,1
65,Carlos Díaz,Femenino,Grupo 3,Alto,D,Prof. Torres,3.73,3.66,3.59,3.52,2.38,1.76,3.11,85.0,No,4
66,Paula Morales,Femenino,Grupo 2,Medio,B,Prof. Morales,3.51,3.81,3.68,2.69,3.36,2.98,3.34,81.0,No,4
67,Isabel Hernández,Femenino,Grupo 4,Alto,B,Prof. Pérez,3.88,2.83,3.94,3.17,3.57,3.36,3.46,100.0,No,5
68,Pedro Cruz,Femenino,Grupo 2,Bajo,B,Prof. Morales,2.65,2.66,5.0,4.22,4.17,3.89,3.77,100.0,No,5
69,Andrés Reyes,Femenino,Grupo 1,Alto,C,Prof. Torres,3.19,4.7,3.77,2.78,3.95,4.29,3.78,78.6,No,4
70,Carlos Díaz,Masculino,Grupo 4,Medio,B,Prof. Gómez,4.26,3.38,3.53,3.35,3.56,4.8,3.81,83.4,No,3
71,Ana Rivera,Otro,Grupo 2,Medio,D,Prof. Torres,2.55,3.37,3.26,3.7,4.21,3.44,3.42,83.7,No,4
72,María Ramírez,Femenino,Grupo 4,Alto,A,Prof. Ruiz,2.8,2.73,3.66,2.85,3.51,3.48,3.17,85.6,No,3
73,María Flores,Femenino,Grupo 1,Medio,C,Prof. Ruiz,3.64,2.46,3.09,4.27,2.6,3.75,3.3,81.7,No,3
74,Pedro Ramos,Femenino,Grupo 3,Medio,B,Prof. Pérez,3.7,3.44,3.85,3.99,2.44,3.13,3.42,85.2,No,3
75,Miguel Cruz,Femenino,Grupo 1,Bajo,C,Prof. Torres,3.16,3.26,2.5,4.91,4.4,2.67,3.48,98.0,No,3
76,María Martínez,Femenino,Grupo 1,Bajo,C,Prof. Pérez,3.31,3.5,3.32,4.05,1.93,3.43,3.26,100.0,No,4
77,Carlos Ramírez,Femenino,Grupo 1,Alto,B,Prof. Pérez,3.87,3.56,4.01,2.83,3.36,4.02,3.61,77.6,No,3
78,Lucía Torres,Otro,Grupo 1,Medio,C,Prof. Ruiz,4.09,5.0,3.76,3.87,5.0,3.33,4.18,81.7,No,2
79,María Rodríguez,Otro,Grupo 3,Medio,A,Prof. Pérez,2.75,3.26,3.18,4.19,3.82,3.79,3.5,91.7,No,2
80,Jorge Castillo,Femenino,Grupo 3,Medio,D,Prof. Ruiz,3.76,4.61,3.34,4.23,3.35,2.19,3.58,77.4,No,4
81,Laura López,Otro,Grupo 4,Bajo,D,Prof. Gómez,4.56,4.65,4.22,2.96,2.32,3.51,3.7,91.9,No,3
82,Lucía López,Masculino,Grupo 2,Bajo,A,Prof. Torres,3.42,4.03,2.65,2.87,4.63,3.22,3.47,94.3,No,3
83,Luis García,Femenino,Grupo 3,Medio,C,Prof. Pérez,2.74,3.34,2.66,2.7,4.35,2.61,3.07,95.6,No,3
84,Pedro Ramos,Masculino,Grupo 3,Medio,B,Prof. Ruiz,2.71,2.55,2.85,4.62,3.98,3.96,3.44,94.1,No,3
85,Juan Cruz,Masculino,Grupo 2,Bajo,C,Prof. Morales,3.39,3.83,3.49,3.94,3.5,4.79,3.82,85.7,No,1
86,Andrés Díaz,Femenino,Grupo 3,Medio,A,Prof. Pérez,4.23,4.21,2.55,2.93,3.9,4.19,3.67,88.5,No,3
87,Valentina González,Otro,Grupo 1,Bajo,C,Prof. Gómez,3.47,4.72,4.17,3.59,3.4,4.24,3.93,80.6,No,4
88,Pedro Sánchez,Masculino,Grupo 1,Medio,D,Prof. Gómez,3.63,2.84,2.85,3.41,2.82,4.0,3.26,93.7,No,3
89,Valentina Rivera,Femenino,Grupo 2,Bajo,C,Prof. Morales,2.8,3.33,3.66,2.82,4.17,3.95,3.46,100.0,No,3
90,Ricardo Hernández,Masculino,Grupo 4,Medio,A,Prof. Ruiz,4.19,2.84,3.09,3.53,3.46,2.24,3.22,93.7,No,1
91,José Martínez,Masculino,Grupo 4,Bajo,D,Prof. Pérez,2.7,3.06,3.45,3.63,3.87,3.41,3.35,84.4,No,3
92,Fernando Morales,Masculino,Grupo 2,Medio,C,Prof. Ruiz,3.15,3.97,2.38,4.85,3.42,3.86,3.6,98.0,No,1
93,Andrés Ramos,Masculino,Grupo 2,Bajo,C,Prof. Gómez,3.94,3.02,4.2,3.04,3.82,3.87,3.65,100.0,No,3
94,Sofía Castillo,Otro,Grupo 1,Bajo,D,Prof. Ruiz,2.07,2.92,2.83,2.3,3.49,4.39,3.0,91.9,No,3
95,Ana Castillo,Masculino,Grupo 4,Bajo,B,Prof. Gómez,3.62,4.06,2.75,2.77,3.44,2.78,3.24,94.4,No,4
96,Carlos Morales,Masculino,Grupo 3,Medio,D,Prof. Ruiz,2.77,3.82,5.0,2.88,3.52,3.93,3.65,95.4,No,3
97,Lucía Pérez,Masculino,Grupo 1,Medio,B,Prof. Morales,3.51,3.75,3.89,3.2,5.0,2.75,3.68,77.2,No,3
98,Lucía Morales,Otro,Grupo 2,Bajo,A,Prof. Torres,3.25,3.04,4.17,2.77,4.06,3.35,3.44,86.7,No,3
99,José Ortiz,Masculino,Grupo 4,Medio,A,Prof. Morales,4.97,4.41,3.82,4.08,5.0,3.46,4.29,85.9,No,3
100,José López,Masculino,Grupo 3,Alto,D,Prof. Morales,3.22,3.51,3.18,2.72,3.49,4.1,3.37,96.7,No,1
101,Luis González,Otro,Grupo 3,Medio,D,Prof. Torres,4.79,5.0,2.59,3.51,3.28,4.02,3.86,95.7,No,3
102,José Ramos,Otro,Grupo 1,Bajo,A,Prof. Torres,3.91,3.61,3.29,4.9,2.75,3.58,3.67,89.0,No,5
103,Andrés López,Otro,Grupo 4,Medio,B,Prof. Pérez,2.94,1.87,2.82,3.89,4.62,1.99,3.02,85.4,No,2
104,Juan Hernández,Masculino,Grupo 4,Bajo,A,Prof. Pérez,3.73,1.84,2.86,3.82,2.87,3.81,3.16,76.5,No,3
105,Lucía Cruz,Otro,Grupo 2,Bajo,D,Prof. Morales,3.29,3.94,2.39,4.8,4.77,3.31,3.75,89.9,No,4
106,Ricardo Díaz,Otro,Grupo 4,Alto,A,Prof. Morales,3.67,4.41,3.58,4.37,2.79,4.47,3.88,82.4,No,3
107,Jorge Sánchez,Masculino,Grupo 4,Bajo,D,Prof. Gómez,3.0,2.95,4.6,3.9,4.12,4.31,3.81,81.4,No,4
108,Jorge Castillo,Otro,Grupo 1,Medio,D,Prof. Gómez,4.68,4.97,3.89,3.28,2.39,2.84,3.68,97.4,No,3
109,Luis Martínez,Masculino,Grupo 4,Medio,A,Prof. Pérez,4.15,4.66,3.43,3.48,3.19,3.91,3.8,96.6,No,3
110,Laura Sánchez,Femenino,Grupo 3,Medio,B,Prof. Pérez,3.52,3.65,3.47,3.45,3.52,3.92,3.59,86.1,No,3
111,Pedro Cruz,Otro,Grupo 1,Medio,C,Prof. Gómez,4.71,3.88,1.37,3.22,3.08,3.87,3.36,77.4,No,4
112,Sofía Jiménez,Femenino,Grupo 1,Bajo,A,Prof. Gómez,3.55,4.13,3.2,3.65,3.38,3.78,3.62,83.4,No,5
113,Juan Ortiz,Masculino,Grupo 2,Bajo,C,Prof. Ruiz,4.27,4.82,2.5,3.75,3.38,3.94,3.78,97.9,No,2
114,Ricardo Pérez,Otro,Grupo 4,Medio,A,Prof. Ruiz,3.53,3.98,3.59,2.63,4.06,4.55,3.72,93.7,No,3
115,Isabel Ramos,Masculino,Grupo 2,Bajo,C,Prof. Gómez,3.78,3.63,3.32,4.64,2.04,3.11,3.42,86.2,No,2
116,Elena Ortiz,Femenino,Grupo 3,Bajo,B,Prof. Ruiz,3.44,3.97,2.89,3.79,3.11,2.87,3.34,90.5,No,1
117,Andrés Hernández,Masculino,Grupo 1,Bajo,B,Prof. Torres,3.57,3.88,3.58,3.32,4.38,4.05,3.8,73.4,No,3
118,Miguel Jiménez,Otro,Grupo 1,Bajo,A,Prof. Pérez,3.62,4.15,3.57,3.65,3.89,2.18,3.51,72.8,No,3
119,Lucía Hernández,Otro,Grupo 1,Bajo,D,Prof. Pérez,3.03,2.4,4.56,4.15,4.39,3.96,3.75,100.0,No,2
120,Fernando Rodríguez,Femenino,Grupo 3,Bajo,C,Prof. Gómez,3.22,3.72,3.98,2.47,4.03,3.83,3.54,94.1,No,2
121,Jorge Sánchez,Masculino,Grupo 3,Medio,D,Prof. Morales,3.35,3.82,3.65,3.43,2.74,1.86,3.14,90.0,No,3
122,Valentina Martínez,Otro,Grupo 2,Medio,D,Prof. Gómez,3.66,3.45,2.84,2.67,3.96,3.05,3.27,86.8,No,5
123,Carlos Hernández,Femenino,Grupo 2,Alto,D,Prof. Ruiz,3.48,4.05,2.75,5.0,3.57,4.6,3.91,75.9,No,4
124,Jorge Ramos,Otro,Grupo 2,Bajo,B,Prof. Morales,4.32,4.84,3.92,3.6,5.0,2.48,4.03,97.9,No,1
125,Andrés Ramos,Otro,Grupo 4,Bajo,A,Prof. Ruiz,4.09,3.6,3.36,2.68,4.06,3.65,3.57,80.9,No,4
126,José Reyes,Masculino,Grupo 1,Bajo,A,Prof. Torres,3.36,3.98,3.67,5.0,3.87,2.8,3.78,95.6,No,3
127,María Hernández,Otro,Grupo 1,Medio,B,Prof. Ruiz,4.47,4.62,4.18,3.12,3.97,3.0,3.89,91.1,No,4
128,Paula García,Masculino,Grupo 2,Medio,B,Prof. Torres,4.81,3.61,2.44,3.35,3.83,4.84,3.81,89.6,No,3
129,Jorge Martínez,Otro,Grupo 1,Bajo,A,Prof. Torres,2.07,2.88,4.48,3.4,3.81,3.59,3.37,79.6,No,3
130,Luis Flores,Femenino,Grupo 2,Alto,D,Prof. Ruiz,4.15,3.93,4.18,2.91,3.31,3.86,3.72,79.7,No,4
131,Luis Torres,Otro,Grupo 4,Bajo,C,Prof. Ruiz,3.01,1.96,2.06,3.67,3.87,3.42,3.0,93.1,No,2
132,Valentina García,Masculino,Grupo 4,Medio,C,Prof. Torres,4.06,1.89,5.0,1.95,4.16,2.44,3.25,90.6,No,5
133,Andrés Martínez,Masculino,Grupo 3,Medio,C,Prof. Morales,4.37,3.73,3.72,4.26,4.24,2.67,3.83,90.4,No,4
134,Elena Ramos,Femenino,Grupo 4,Alto,D,Prof. Torres,2.89,1.86,3.17,2.71,4.16,4.32,3.18,92.3,No,5
135,María Reyes,Otro,Grupo 2,Medio,A,Prof. Pérez,2.2,2.58,3.86,3.21,4.56,3.61,3.34,74.5,No,3
136,Luis Sánchez,Otro,Grupo 4,Alto,B,Prof. Torres,4.08,3.23,2.82,4.03,4.29,2.96,3.57,98.1,No,2
137,Ricardo Flores,Femenino,Grupo 3,Bajo,A,Prof. Morales,3.59,3.0,3.88,3.36,3.94,3.48,3.54,87.2,No,3
138,Juan Torres,Otro,Grupo 1,Alto,D,Prof. Pérez,2.33,3.4,2.94,3.39,2.7,3.96,3.12,99.4,No,5
139,Juan González,Otro,Grupo 2,Bajo,B,Prof. Gómez,5.0,4.28,4.91,2.79,2.7,3.82,3.92,73.9,No,3
140,Luis Flores,Masculino,Grupo 1,Alto,D,Prof. Gómez,3.94,3.67,3.54,4.97,3.33,2.96,3.73,94.6,No,3
141,Pedro García,Otro,Grupo 3,Medio,C,Prof. Morales,3.97,2.91,3.95,3.87,3.53,2.4,3.44,94.5,No,3
142,Lucía Flores,Otro,Grupo 3,Alto,C,Prof. Torres,4.46,4.45,2.95,2.74,4.48,3.22,3.72,78.1,No,3
143,Ana Reyes,Femenino,Grupo 3,Medio,D,Prof. Ruiz,3.09,2.5,4.07,3.62,1.55,4.28,3.19,84.9,No,2
144,Jorge Sánchez,Femenino,Grupo 1,Medio,B,Prof. Morales,3.59,3.66,3.49,2.69,2.78,4.1,3.38,81.5,No,3
145,Fernando Torres,Masculino,Grupo 1,Medio,B,Prof. Pérez,2.58,2.42,2.51,4.71,3.36,3.79,3.23,96.9,No,4
146,Pedro Sánchez,Otro,Grupo 1,Medio,A,Prof. Pérez,3.07,3.68,3.33,3.64,2.8,3.38,3.32,92.5,No,1
147,Juan Reyes,Otro,Grupo 1,Bajo,C,Prof. Gómez,3.77,3.28,4.85,2.82,2.94,3.14,3.47,100.0,No,4
148,Ricardo Ramos,Otro,Grupo 3,Bajo,A,Prof. Pérez,2.33,4.26,4.1,3.99,3.15,3.39,3.54,91.6,No,3
149,Lucía Reyes,Masculino,Grupo 3,Bajo,A,Prof. Morales,3.05,4.0,3.23,3.31,2.84,4.05,3.41,95.9,No,3
150,Carmen Cruz,Masculino,Grupo 2,Bajo,D,Prof. Pérez,2.85,3.09,2.19,2.6,2.96,4.21,2.98,99.4,Sí,3
151,Sofía Reyes,Femenino,Grupo 2,Alto,D,Prof. Morales,3.6,2.95,2.92,3.77,4.45,3.32,3.5,94.4,No,2
152,Pedro Castillo,Masculino,Grupo 1,Bajo,A,Prof. Ruiz,3.9,3.28,2.52,3.75,3.93,5.0,3.73,86.9,No,3
153,Fernando Ramírez,Otro,Grupo 4,Alto,C,Prof. Gómez,4.02,4.81,2.21,4.3,4.03,3.56,3.82,85.4,No,4
154,Carlos Rivera,Otro,Grupo 4,Bajo,D,Prof. Pérez,4.2,4.63,4.05,3.55,3.48,3.26,3.86,89.4,No,3
155,Pedro Jiménez,Masculino,Grupo 3,Bajo,A,Prof. Morales,4.46,2.82,3.54,3.57,4.21,4.53,3.86,96.4,No,3
156,Luis Ramos,Otro,Grupo 3,Medio,A,Prof. Torres,3.93,4.06,4.76,3.61,4.09,2.07,3.75,83.9,No,1
157,José García,Otro,Grupo 3,Medio,A,Prof. Gómez,4.82,2.29,2.8,4.62,3.92,3.84,3.72,95.2,No,4
158,Isabel Ortiz,Masculino,Grupo 2,Medio,A,Prof. Ruiz,3.58,3.19,3.5,3.28,3.04,3.45,3.34,92.6,No,3
159,Paula Rivera,Masculino,Grupo 2,Medio,A,Prof. Morales,3.38,2.85,2.52,3.83,3.19,4.51,3.38,80.0,No,3
160,Pedro Ramírez,Otro,Grupo 3,Medio,A,Prof. Ruiz,3.93,4.25,3.08,3.93,4.24,3.92,3.89,94.8,No,2
161,Paula Cruz,Otro,Grupo 3,Bajo,D,Prof. Ruiz,3.35,2.6,3.34,3.74,3.14,3.6,3.3,91.1,No,5
162,Paula González,Otro,Grupo 3,Alto,C,Prof. Pérez,4.8,3.8,3.24,3.26,2.6,3.96,3.61,85.6,No,3
163,Valentina Reyes,Femenino,Grupo 4,Alto,A,Prof. Pérez,4.29,3.5,3.54,3.58,3.12,2.76,3.46,91.0,No,3
164,José López,Femenino,Grupo 2,Medio,B,Prof. Morales,4.03,3.38,4.18,3.43,4.59,4.18,3.96,85.9,No,3
165,Isabel Díaz,Femenino,Grupo 4,Bajo,D,Prof. Torres,3.59,4.67,4.11,4.87,3.13,2.56,3.82,92.0,No,4
166,Carlos Martínez,Masculino,Grupo 4,Medio,D,Prof. Morales,3.21,4.73,2.96,3.18,3.73,3.75,3.59,88.7,No,2
167,Ricardo Rivera,Femenino,Grupo 3,Bajo,A,Prof. Torres,3.99,3.4,3.48,2.86,3.07,3.52,3.39,77.8,No,4
168,Andrés García,Masculino,Grupo 3,Bajo,D,Prof. Ruiz,2.71,3.26,4.06,3.5,4.03,2.27,3.3,88.9,No,3
169,Valentina García,Masculino,Grupo 1,Bajo,A,Prof. Gómez,4.57,2.45,4.23,3.45,3.88,3.55,3.69,86.5,No,3
170,Isabel Jiménez,Femenino,Grupo 1,Medio,C,Prof. Morales,3.38,3.5,3.04,3.64,2.46,3.7,3.29,95.1,No,3
171,Sofía Torres,Femenino,Grupo 4,Alto,C,Prof. Morales,3.71,4.87,4.0,3.18,3.69,3.04,3.75,97.0,No,4
172,Carmen Torres,Femenino,Grupo 2,Medio,D,Prof. Torres,2.86,3.41,3.73,3.58,2.32,2.79,3.12,85.9,No,3
173,Elena Rodríguez,Otro,Grupo 3,Medio,D,Prof. Ruiz,4.01,4.01,2.75,3.59,3.11,3.84,3.55,83.7,No,4
174,Miguel Ortiz,Femenino,Grupo 3,Medio,B,Prof. Ruiz,3.18,2.52,4.06,4.13,3.49,3.75,3.52,76.6,No,2
175,Ricardo Martínez,Otro,Grupo 4,Bajo,D,Prof. Torres,3.95,3.2,3.61,3.57,4.79,3.66,3.8,83.5,No,5
176,Pedro Díaz,Masculino,Grupo 1,Bajo,B,Prof. Ruiz,4.03,3.82,2.28,3.57,3.72,3.51,3.49,87.4,No,2
177,Paula Rivera,Otro,Grupo 2,Alto,C,Prof. Pérez,3.05,3.57,3.29,3.86,2.96,3.1,3.3,79.3,No,3
178,Sofía Castillo,Femenino,Grupo 1,Bajo,C,Prof. Gómez,2.71,4.08,3.53,4.11,3.28,5.0,3.78,97.1,No,3
179,Ricardo Ramos,Masculino,Grupo 1,Alto,A,Prof. Morales,4.57,3.08,3.08,2.81,4.15,3.29,3.5,92.1,No,3
180,María Pérez,Masculino,Grupo 1,Medio,C,Prof. Gómez,3.37,2.28,4.36,2.62,2.97,2.89,3.08,89.0,No,3
181,Luis Martínez,Masculino,Grupo 1,Medio,B,Prof. Morales,3.66,4.29,4.39,4.69,4.27,3.54,4.14,89.9,No,3
182,Carlos Díaz,Otro,Grupo 3,Medio,D,Prof. Pérez,3.84,2.84,3.23,3.99,3.13,3.37,3.4,92.4,No,2
183,Isabel Torres,Femenino,Grupo 3,Medio,A,Prof. Ruiz,2.62,3.85,3.16,3.35,2.86,3.27,3.18,95.1,No,3
184,Ricardo Flores,Masculino,Grupo 1,Alto,B,Prof. Torres,3.82,3.82,3.41,3.51,3.16,4.81,3.75,96.5,No,1
185,Juan Martínez,Masculino,Grupo 2,Alto,D,Prof. Pérez,3.57,2.34,3.36,3.23,2.37,2.71,2.93,87.5,Sí,3
186,Jorge Torres,Masculino,Grupo 4,Medio,A,Prof. Gómez,3.05,4.23,3.09,3.65,1.98,3.53,3.26,88.9,No,1
187,Carlos Sánchez,Otro,Grupo 2,Bajo,C,Prof. Torres,2.69,3.1,1.0,2.82,3.44,2.76,2.64,91.4,Sí,2
188,Laura Rivera,Otro,Grupo 2,Medio,B,Prof. Ruiz,3.92,3.54,4.73,4.09,3.45,3.12,3.81,88.5,No,1
189,Juan González,Femenino,Grupo 2,Alto,D,Prof. Pérez,4.29,3.25,3.5,3.62,3.68,4.72,3.84,97.0,No,3
190,Carlos Ramírez,Otro,Grupo 1,Bajo,A,Prof. Torres,3.63,4.64,3.38,3.65,3.44,3.7,3.74,99.8,No,4
191,Carmen Cruz,Masculino,Grupo 3,Medio,A,Prof. Pérez,2.5,4.44,3.73,2.87,5.0,3.69,3.7,92.8,No,5
192,Fernando Ramos,Femenino,Grupo 2,Medio,C,Prof. Pérez,2.76,2.23,3.44,3.87,3.62,2.84,3.13,82.7,No,1
193,Luis Jiménez,Masculino,Grupo 1,Medio,D,Prof. Ruiz,3.2,5.0,3.2,2.89,2.54,3.2,3.34,94.1,No,3
194,José Ramos,Masculino,Grupo 2,Bajo,C,Prof. Morales,4.6,3.03,2.8,3.02,2.72,4.78,3.49,93.1,No,3
195,Andrés Ramírez,Otro,Grupo 2,Medio,C,Prof. Torres,3.33,4.97,2.21,3.56,3.5,3.85,3.57,82.1,No,3
196,Andrés Cruz,Femenino,Grupo 1,Alto,D,Prof. Ruiz,3.17,3.32,2.55,5.0,3.2,3.26,3.42,93.1,No,3
197,Carlos García,Otro,Grupo 3,Bajo,D,Prof. Pérez,2.33,3.26,2.72,3.62,2.64,3.81,3.06,85.6,No,2
198,María González,Otro,Grupo 3,Bajo,D,Prof. Ruiz,3.04,3.33,3.96,1.7,3.46,3.69,3.2,96.0,No,3
199,Isabel Cruz,Femenino,Grupo 4,Alto,B,Prof. Morales,2.64,3.22,4.01,3.05,3.47,2.91,3.22,94.0,No,3
200,Sofía Morales,Masculino,Grupo 1,Bajo,D,Prof. Torres,2.8,5.0,2.88,3.98,4.62,3.24,3.75,91.8,No,1
201,Miguel García,Masculino,Grupo 4,Alto,A,Prof. Morales,3.58,3.45,1.64,2.71,2.86,5.0,3.21,90.3,No,3
202,Ana González,Femenino,Grupo 4,Medio,C,Prof. Gómez,3.22,3.29,3.51,4.08,3.21,3.77,3.51,72.9,No,3
203,Elena Pérez,Masculino,Grupo 4,Bajo,B,Prof. Torres,4.69,3.55,3.2,3.61,4.61,2.4,3.68,80.3,No,2
204,Carlos González,Femenino,Grupo 3,Alto,D,Prof. Morales,4.25,2.82,3.19,4.19,3.73,3.86,3.67,89.0,No,3
205,Laura Hernández,Femenino,Grupo 1,Medio,B,Prof. Pérez,3.07,4.62,4.17,3.11,2.85,4.41,3.7,100.0,No,4
206,Isabel Torres,Otro,Grupo 4,Medio,D,Prof. Torres,2.86,2.47,3.6,3.05,3.0,2.87,2.98,94.5,Sí,4
207,Paula Pérez,Femenino,Grupo 1,Bajo,B,Prof. Torres,4.47,3.07,2.82,3.9,2.65,3.18,3.35,100.0,No,3
208,Elena Flores,Otro,Grupo 1,Medio,C,Prof. Ruiz,4.66,4.16,2.66,3.49,3.55,4.52,3.84,90.7,No,3
209,Laura Castillo,Masculino,Grupo 3,Bajo,C,Prof. Pérez,1.96,3.53,3.32,3.45,4.22,3.52,3.33,89.8,No,3
210,Ana Torres,Masculino,Grupo 4,Bajo,A,Prof. Gómez,3.57,3.88,2.87,4.6,4.64,3.4,3.83,100.0,No,3
211,Carlos Cruz,Masculino,Grupo 4,Alto,A,Prof. Morales,3.32,4.57,3.45,3.92,2.46,2.56,3.38,88.7,No,2
212,Ana Díaz,Masculino,Grupo 1,Bajo,D,Prof. Ruiz,3.95,4.2,4.22,2.11,4.11,4.25,3.81,82.1,No,3
213,Carmen García,Otro,Grupo 2,Medio,C,Prof. Morales,4.86,3.6,2.53,4.06,3.62,3.37,3.67,92.5,No,3
214,Elena González,Masculino,Grupo 3,Bajo,B,Prof. Gómez,3.16,4.96,3.56,3.99,3.32,1.98,3.5,99.0,No,3
215,María Díaz,Femenino,Grupo 3,Medio,B,Prof. Gómez,2.06,3.06,4.14,4.33,3.21,2.4,3.2,83.4,No,5
216,Pedro Jiménez,Femenino,Grupo 3,Bajo,B,Prof. Torres,3.91,3.43,3.44,2.84,2.16,3.11,3.15,94.7,No,4
217,Fernando Rodríguez,Femenino,Grupo 3,Alto,A,Prof. Gómez,4.47,3.48,4.01,3.73,3.95,2.75,3.73,89.3,No,2
218,Sofía Jiménez,Otro,Grupo 4,Medio,B,Prof. Morales,3.29,3.43,3.3,3.58,2.58,2.86,3.17,93.6,No,2
219,Juan Hernández,Masculino,Grupo 4,Bajo,A,Prof. Pérez,3.01,2.75,3.62,2.83,2.98,5.0,3.36,92.5,No,2
220,Valentina Ramírez,Masculino,Grupo 2,Bajo,A,Prof. Pérez,3.19,2.39,3.81,4.16,3.79,4.0,3.56,86.7,No,4
221,Valentina Martínez,Masculino,Grupo 3,Bajo,D,Prof. Torres,4.1,3.79,3.1,3.33,2.23,1.7,3.04,89.2,No,4
222,Jorge Rodríguez,Otro,Grupo 3,Medio,B,Prof. Morales,3.18,3.06,4.89,4.31,2.58,3.28,3.55,87.2,No,5
223,Paula Ramos,Femenino,Grupo 1,Bajo,B,Prof. Morales,3.73,4.84,3.9,2.98,4.35,3.44,3.87,90.9,No,3
224,Lucía García,Femenino,Grupo 4,Alto,C,Prof. Gómez,3.52,3.45,4.41,2.48,3.59,2.47,3.32,83.2,No,4
225,Fernando Morales,Masculino,Grupo 3,Medio,D,Prof. Morales,3.45,3.32,4.25,3.33,3.04,3.87,3.54,85.1,No,3
226,Jorge Ramos,Femenino,Grupo 2,Bajo,C,Prof. Ruiz,3.99,4.27,3.73,3.66,3.59,2.07,3.55,86.7,No,4
227,Elena García,Femenino,Grupo 2,Medio,D,Prof. Gómez,3.16,3.78,4.47,3.13,3.97,4.27,3.8,93.1,No,4
228,Andrés Ramos,Otro,Grupo 4,Medio,B,Prof. Ruiz,3.2,3.38,3.63,1.35,4.29,4.51,3.39,78.7,No,3
229,Luis Torres,Otro,Grupo 2,Bajo,A,Prof. Torres,4.06,3.05,2.99,3.77,2.72,5.0,3.6,89.1,No,3
230,Juan Castillo,Otro,Grupo 2,Bajo,A,Prof. Pérez,2.81,5.0,3.51,3.77,2.78,2.4,3.38,84.3,No,4
231,Pedro Cruz,Otro,Grupo 4,Bajo,A,Prof. Torres,2.88,3.75,2.8,3.98,3.93,2.54,3.31,86.7,No,3
232,Sofía Pérez,Masculino,Grupo 3,Medio,A,Prof. Pérez,2.62,4.26,2.03,3.23,3.95,3.98,3.34,84.7,No,1
233,Ricardo Díaz,Otro,Grupo 3,Medio,A,Prof. Torres,4.09,2.78,2.9,3.2,2.56,4.33,3.31,91.6,No,1
234,Juan Jiménez,Femenino,Grupo 2,Medio,C,Prof. Morales,3.43,3.1,3.55,4.51,2.81,4.07,3.58,88.7,No,3
235,Carlos García,Masculino,Grupo 2,Alto,D,Prof. Ruiz,2.58,4.98,4.24,2.4,3.36,4.26,3.64,95.7,No,3
236,Lucía Díaz,Femenino,Grupo 3,Alto,B,Prof. Pérez,4.1,4.48,2.9,3.33,3.52,4.46,3.8,93.2,No,1
237,Paula Rivera,Femenino,Grupo 4,Medio,C,Prof. Gómez,3.11,3.82,4.21,3.6,3.54,3.64,3.65,77.7,No,2
238,Luis Ortiz,Femenino,Grupo 2,Alto,D,Prof. Ruiz,2.89,3.23,2.65,3.92,2.55,3.35,3.1,82.3,No,3
239,Valentina López,Otro,Grupo 1,Bajo,A,Prof. Gómez,3.36,3.34,2.86,3.62,3.53,2.54,3.21,88.6,No,3
240,Carlos Rivera,Otro,Grupo 4,Bajo,D,Prof. Ruiz,4.54,3.03,4.51,2.85,3.0,3.29,3.54,89.7,No,2
241,Fernando Pérez,Masculino,Grupo 2,Bajo,D,Prof. Ruiz,3.22,2.69,3.53,4.32,2.68,3.4,3.31,83.0,No,1
242,José Reyes,Masculino,Grupo 2,Bajo,A,Prof. Torres,3.9,4.15,3.38,3.5,3.49,2.84,3.54,100.0,No,2
243,Sofía Morales,Otro,Grupo 1,Medio,A,Prof. Pérez,4.01,3.88,3.66,2.33,3.42,3.47,3.46,96.9,No,2
244,Ana Díaz,Femenino,Grupo 1,Alto,A,Prof. Pérez,3.81,4.02,2.66,3.65,4.06,2.76,3.49,76.8,No,4
245,Miguel Rodríguez,Masculino,Grupo 3,Bajo,B,Prof. Ruiz,4.39,3.26,3.27,3.83,2.9,4.28,3.66,92.8,No,2
246,Valentina Reyes,Otro,Grupo 4,Bajo,A,Prof. Morales,3.01,3.68,3.5,4.87,3.66,3.8,3.75,89.6,No,4
247,Laura Pérez,Otro,Grupo 4,Medio,B,Prof. Morales,2.77,3.2,4.36,3.79,2.4,3.18,3.28,100.0,No,3
248,Pedro Torres,Otro,Grupo 3,Alto,A,Prof. Gómez,2.76,2.99,2.33,2.46,3.31,3.63,2.91,77.4,Sí,5
249,Jorge Díaz,Femenino,Grupo 4,Bajo,B,Prof. Gómez,3.4,4.67,4.73,2.49,3.82,2.73,3.64,100.0,No,2
250,José Hernández,Otro,Grupo 4,Medio,D,Prof. Torres,2.84,3.59,3.41,4.38,3.88,2.8,3.48,83.3,No,2
251,Fernando Torres,Otro,Grupo 4,Bajo,C,Prof. Ruiz,3.6,3.86,2.72,2.94,3.89,3.06,3.34,93.0,No,1
252,Andrés Ramírez,Otro,Grupo 4,Bajo,D,Prof. Gómez,3.55,4.09,2.6,2.42,4.06,3.37,3.35,85.1,No,2
253,Ana Flores,Otro,Grupo 4,Alto,D,Prof. Gómez,4.21,3.59,3.69,4.2,3.19,3.6,3.75,87.0,No,3
254,Isabel Pérez,Masculino,Grupo 1,Alto,A,Prof. Ruiz,3.7,3.67,2.56,3.17,3.85,3.6,3.42,76.5,No,1
255,Elena Rivera,Masculino,Grupo 4,Bajo,B,Prof. Torres,3.21,2.74,3.11,4.16,4.81,2.58,3.44,99.6,No,2
256,Miguel López,Otro,Grupo 1,Alto,C,Prof. Gómez,3.79,2.87,3.33,2.86,3.17,3.44,3.24,87.8,No,4
257,Sofía Reyes,Femenino,Grupo 4,Medio,A,Prof. Torres,2.78,2.84,4.3,4.53,4.47,2.93,3.64,88.4,No,3
258,Ricardo Flores,Masculino,Grupo 3,Alto,A,Prof. Pérez,3.47,3.92,4.21,4.11,4.11,1.11,3.49,100.0,No,1
259,Sofía Rivera,Otro,Grupo 2,Medio,A,Prof. Torres,3.72,3.55,3.05,2.99,3.31,5.0,3.6,97.7,No,1
260,Elena García,Masculino,Grupo 1,Medio,D,Prof. Morales,3.59,2.87,3.35,2.34,3.37,2.94,3.08,84.7,No,1
261,Ana Rivera,Masculino,Grupo 4,Medio,B,Prof. Morales,3.79,3.91,2.38,5.0,3.58,2.98,3.61,85.1,No,5
262,María Pérez,Femenino,Grupo 3,Medio,B,Prof. Torres,3.05,3.88,2.07,3.35,4.07,2.56,3.16,92.1,No,4
263,Isabel Ortiz,Otro,Grupo 2,Bajo,C,Prof. Morales,4.31,3.01,2.64,2.97,3.78,2.76,3.24,96.2,No,4
264,María González,Otro,Grupo 1,Bajo,B,Prof. Pérez,4.78,3.48,4.29,4.47,3.17,3.37,3.93,100.0,No,5
265,Pedro Rivera,Femenino,Grupo 2,Bajo,B,Prof. Ruiz,2.38,3.88,4.05,4.16,2.04,4.45,3.49,77.1,No,3
266,Luis Rodríguez,Femenino,Grupo 3,Medio,A,Prof. Morales,2.65,2.9,3.77,4.33,3.97,3.36,3.5,95.8,No,2
267,Carlos García,Otro,Grupo 1,Bajo,A,Prof. Morales,3.53,3.9,2.48,3.43,2.15,3.27,3.13,97.1,No,3
268,Valentina López,Otro,Grupo 2,Medio,D,Prof. Torres,3.32,3.71,3.0,4.82,2.54,4.34,3.62,83.7,No,4
269,Pedro Morales,Femenino,Grupo 4,Alto,A,Prof. Pérez,4.83,2.8,2.9,2.58,3.22,3.13,3.24,87.1,No,4
270,Laura Rivera,Masculino,Grupo 1,Bajo,A,Prof. Ruiz,3.65,3.65,3.38,3.11,2.65,3.51,3.32,77.0,No,3
271,José Ortiz,Masculino,Grupo 2,Medio,A,Prof. Torres,4.47,3.76,3.34,3.77,3.72,2.85,3.65,86.0,No,3
272,Sofía López,Femenino,Grupo 3,Medio,A,Prof. Torres,2.07,3.06,2.8,4.32,3.29,4.68,3.37,91.9,No,5
273,Jorge Morales,Masculino,Grupo 3,Alto,D,Prof. Pérez,4.07,3.12,3.74,3.96,4.05,4.23,3.86,100.0,No,2
274,Fernando Torres,Femenino,Grupo 1,Bajo,A,Prof. Ruiz,3.0,2.79,3.66,3.44,2.37,3.39,3.11,100.0,No,4
275,Luis Sánchez,Masculino,Grupo 2,Medio,C,Prof. Pérez,2.99,3.19,2.99,3.17,3.04,3.22,3.1,81.8,No,2
276,Ana Cruz,Masculino,Grupo 1,Alto,C,Prof. Ruiz,3.33,3.49,3.71,4.32,3.5,3.48,3.64,100.0,No,3
277,Ricardo Reyes,Otro,Grupo 1,Alto,C,Prof. Pérez,2.5,3.12,4.29,4.04,3.53,3.4,3.48,74.4,No,2
278,Andrés García,Otro,Grupo 2,Medio,C,Prof. Torres,3.81,2.46,4.5,2.89,3.99,2.42,3.34,85.3,No,3
279,Ana González,Masculino,Grupo 2,Medio,A,Prof. Torres,3.63,3.02,3.84,2.87,2.86,4.26,3.41,87.6,No,3
280,José Torres,Masculino,Grupo 4,Medio,C,Prof. Gómez,3.69,3.21,3.82,3.12,3.17,3.34,3.39,92.0,No,3
281,Carlos Hernández,Otro,Grupo 2,Alto,A,Prof. Morales,4.12,4.07,3.33,3.03,3.86,4.83,3.87,90.9,No,4
282,Luis Cruz,Otro,Grupo 3,Medio,D,Prof. Pérez,4.56,3.92,4.22,4.22,1.96,3.8,3.78,92.9,No,3
283,Luis Pérez,Otro,Grupo 1,Bajo,C,Prof. Gómez,3.25,4.09,2.75,3.81,3.77,1.74,3.24,88.5,No,4
284,Valentina Ramírez,Femenino,Grupo 1,Alto,B,Prof. Morales,3.83,2.98,4.14,3.89,4.03,2.6,3.58,97.7,No,2
285,Carlos García,Masculino,Grupo 3,Medio,C,Prof. Pérez,3.71,3.6,3.3,3.63,2.57,2.0,3.14,95.5,No,4
286,Ricardo García,Otro,Grupo 2,Medio,C,Prof. Ruiz,3.76,1.8,4.54,3.67,3.28,2.59,3.27,87.7,No,2
287,Valentina Rivera,Masculino,Grupo 3,Bajo,A,Prof. Morales,3.77,3.8,3.91,2.39,4.54,2.36,3.46,96.7,No,2
288,Andrés Pérez,Femenino,Grupo 3,Medio,C,Prof. Torres,4.61,3.93,3.45,4.06,3.96,3.68,3.95,100.0,No,2
289,Juan Jiménez,Femenino,Grupo 4,Bajo,B,Prof. Gómez,3.18,3.25,3.33,3.11,3.81,3.28,3.33,84.6,No,3
290,Juan Ramos,Otro,Grupo 3,Medio,A,Prof. Morales,2.43,3.71,3.87,3.48,4.19,4.02,3.62,100.0,No,4
291,Lucía Jiménez,Femenino,Grupo 1,Bajo,A,Prof. Morales,3.01,2.44,3.83,3.17,4.76,3.47,3.45,85.3,No,2
292,José Sánchez,Masculino,Grupo 3,Medio,D,Prof. Torres,4.03,2.94,3.22,3.6,3.51,3.33,3.44,100.0,No,3
293,María Sánchez,Otro,Grupo 1,Alto,D,Prof. Pérez,3.52,4.04,3.56,3.9,3.21,4.9,3.86,85.6,No,4
294,María Ramírez,Masculino,Grupo 1,Bajo,C,Prof. Ruiz,3.17,3.86,4.13,2.79,4.19,3.66,3.63,96.1,No,3
295,María Rivera,Masculino,Grupo 1,Alto,D,Prof. Torres,2.75,3.21,2.55,3.68,3.37,3.44,3.17,91.4,No,4
296,Pedro Rivera,Femenino,Grupo 2,Medio,D,Prof. Ruiz,3.65,4.07,4.01,3.19,2.85,2.9,3.44,75.7,No,2
297,Carmen González,Femenino,Grupo 4,Alto,D,Prof. Pérez,3.95,3.6,3.86,4.43,3.12,2.68,3.61,100.0,No,4
298,Ricardo Martínez,Femenino,Grupo 1,Medio,A,Prof. Morales,3.71,3.15,4.33,2.72,3.72,4.04,3.61,82.8,No,2
299,Laura Sánchez,Femenino,Grupo 1,Medio,A,Prof. Ruiz,3.32,3.37,3.0,2.8,3.19,4.0,3.28,79.8,No,5
300,Fernando López,Femenino,Grupo 2,Medio,A,Prof. Gómez,3.6,3.18,3.5,3.25,3.24,4.6,3.56,84.9,No,3
301,Sofía García,Otro,Grupo 1,Alto,D,Prof. Gómez,3.6,2.67,3.64,2.85,2.78,3.84,3.23,100.0,No,3
302,Carmen Flores,Masculino,Grupo 3,Medio,A,Prof. Torres,3.63,4.38,4.02,3.34,4.5,3.22,3.85,80.0,No,2
303,Isabel Ortiz,Masculino,Grupo 3,Bajo,D,Prof. Pérez,2.67,3.1,3.8,3.13,3.26,3.86,3.3,91.4,No,2
304,Jorge Flores,Masculino,Grupo 4,Medio,A,Prof. Torres,3.64,2.92,2.63,3.56,3.0,3.44,3.2,81.0,No,2
305,Pedro Martínez,Masculino,Grupo 1,Alto,A,Prof. Torres,3.19,2.43,3.7,4.21,3.08,4.11,3.45,82.4,No,3
306,Ana García,Femenino,Grupo 2,Medio,B,Prof. Torres,4.23,1.65,4.9,3.55,4.06,4.43,3.8,77.2,No,2
307,Ricardo Pérez,Masculino,Grupo 3,Medio,C,Prof. Gómez,3.59,3.99,3.93,3.61,3.9,3.38,3.73,92.5,No,4
308,Andrés Cruz,Otro,Grupo 2,Medio,D,Prof. Gómez,4.08,4.06,4.65,2.76,3.15,4.73,3.9,88.7,No,2
309,Miguel González,Otro,Grupo 2,Alto,B,Prof. Torres,3.29,4.34,4.23,3.41,3.52,4.33,3.85,80.9,No,4
310,Fernando Hernández,Masculino,Grupo 3,Bajo,A,Prof. Gómez,3.31,3.4,4.45,3.2,3.69,3.51,3.59,97.0,No,1
311,Jorge Cruz,Masculino,Grupo 2,Medio,D,Prof. Pérez,4.55,3.27,3.72,3.98,3.01,3.97,3.75,97.8,No,2
312,Laura García,Otro,Grupo 3,Bajo,A,Prof. Torres,3.81,3.14,3.87,2.96,2.42,3.71,3.32,93.3,No,4
313,Carlos Castillo,Otro,Grupo 2,Bajo,C,Prof. Gómez,3.0,3.21,3.68,2.9,3.86,3.52,3.36,99.4,No,4
314,Lucía Martínez,Femenino,Grupo 3,Bajo,B,Prof. Ruiz,4.13,4.28,3.5,3.72,3.05,4.84,3.92,87.2,No,3
315,Isabel Morales,Otro,Grupo 1,Bajo,C,Prof. Torres,3.13,3.48,4.02,4.89,3.81,3.86,3.86,92.6,No,1
316,Jorge Cruz,Femenino,Grupo 4,Medio,B,Prof. Torres,3.66,3.76,3.14,3.38,3.72,2.91,3.43,87.2,No,3
317,Valentina López,Femenino,Grupo 3,Bajo,A,Prof. Pérez,4.79,3.19,4.82,3.62,3.54,2.78,3.79,77.9,No,3
318,Juan Sánchez,Femenino,Grupo 3,Medio,C,Prof. Morales,2.5,4.42,2.85,4.16,3.2,2.81,3.32,91.8,No,3
319,Sofía García,Femenino,Grupo 4,Bajo,C,Prof. Morales,3.38,2.17,4.07,3.86,3.06,3.84,3.4,91.3,No,3
320,Isabel López,Femenino,Grupo 3,Bajo,A,Prof. Pérez,3.79,2.65,4.47,3.86,2.7,3.26,3.45,89.8,No,3
321,Fernando Flores,Masculino,Grupo 3,Bajo,C,Prof. Pérez,4.04,3.77,3.38,3.43,3.07,3.73,3.57,93.0,No,1
322,Carlos Ortiz,Otro,Grupo 2,Bajo,D,Prof. Pérez,2.63,4.73,2.72,3.45,3.9,4.16,3.6,100.0,No,5
323,José García,Femenino,Grupo 4,Medio,B,Prof. Morales,2.42,3.34,4.31,2.97,4.48,4.92,3.74,88.4,No,4
324,Miguel Rivera,Otro,Grupo 1,Medio,B,Prof. Pérez,4.26,2.91,3.64,3.84,4.38,3.28,3.72,82.3,No,1
325,Fernando Torres,Otro,Grupo 3,Medio,B,Prof. Gómez,3.0,4.2,4.07,3.82,3.6,2.51,3.53,88.0,No,3
326,Pedro Torres,Femenino,Grupo 4,Medio,D,Prof. Torres,2.97,3.73,3.42,4.0,4.48,4.75,3.89,88.9,No,1
327,Ana Torres,Masculino,Grupo 2,Bajo,B,Prof. Torres,4.59,4.4,4.71,3.16,3.29,2.48,3.77,97.9,No,4
328,Andrés López,Femenino,Grupo 1,Alto,A,Prof. Ruiz,3.55,2.6,2.02,4.08,2.6,2.45,2.88,90.9,Sí,3
329,Carmen Cruz,Masculino,Grupo 4,Medio,C,Prof. Ruiz,3.55,4.35,3.76,4.29,4.84,4.74,4.26,80.8,No,2
330,Fernando Flores,Otro,Grupo 1,Medio,D,Prof. Torres,3.37,2.42,4.44,2.65,3.87,4.25,3.5,96.4,No,1
331,Laura Rivera,Masculino,Grupo 1,Bajo,B,Prof. Gómez,2.64,3.3,3.57,3.29,2.43,3.84,3.18,95.2,No,1
332,José Pérez,Masculino,Grupo 1,Bajo,A,Prof. Morales,3.97,3.79,3.71,4.32,4.59,3.47,3.97,90.9,No,3
333,Valentina Rivera,Masculino,Grupo 3,Bajo,C,Prof. Morales,3.79,3.63,3.2,3.05,2.98,3.33,3.33,97.6,No,4
334,Paula Sánchez,Otro,Grupo 3,Bajo,C,Prof. Gómez,3.62,4.24,3.51,3.87,3.13,3.04,3.57,98.9,No,2
335,Ana López,Otro,Grupo 2,Medio,D,Prof. Morales,3.42,2.22,2.33,3.51,4.21,3.3,3.17,87.0,No,2
336,Fernando López,Masculino,Grupo 2,Medio,D,Prof. Pérez,3.3,3.6,3.0,3.73,4.45,3.47,3.59,82.8,No,3
337,Ricardo Díaz,Masculino,Grupo 4,Medio,D,Prof. Torres,4.14,4.34,2.95,3.53,2.8,2.54,3.38,89.9,No,2
338,Luis Ramos,Femenino,Grupo 2,Medio,A,Prof. Torres,3.4,3.54,3.97,4.02,4.53,2.93,3.73,94.3,No,3
339,Isabel Morales,Masculino,Grupo 1,Alto,A,Prof. Gómez,3.46,2.7,3.1,2.78,4.11,2.02,3.03,89.2,No,3
340,Paula Hernández,Femenino,Grupo 1,Medio,D,Prof. Morales,3.87,4.21,3.12,2.86,2.94,3.55,3.42,82.1,No,3
341,Isabel Torres,Masculino,Grupo 3,Alto,B,Prof. Ruiz,3.65,3.05,3.24,4.53,3.33,3.55,3.56,91.3,No,5
342,Fernando Díaz,Femenino,Grupo 1,Bajo,C,Prof. Ruiz,4.65,2.92,2.98,4.97,4.56,4.74,4.14,73.7,No,5
343,Pedro Ramírez,Otro,Grupo 4,Bajo,C,Prof. Morales,2.27,2.83,3.69,3.5,2.41,3.76,3.08,87.4,No,3
344,Ricardo Martínez,Masculino,Grupo 1,Bajo,A,Prof. Ruiz,3.71,3.36,3.76,4.7,4.47,3.11,3.85,96.8,No,4
345,Sofía Rodríguez,Masculino,Grupo 1,Medio,C,Prof. Gómez,3.01,3.63,4.08,2.96,4.09,3.36,3.52,97.2,No,5
346,Carlos Pérez,Masculino,Grupo 4,Alto,B,Prof. Gómez,2.84,2.61,3.96,3.13,3.86,3.84,3.37,59.9,Sí,1
347,Sofía Díaz,Masculino,Grupo 2,Bajo,C,Prof. Morales,3.18,2.76,3.89,4.52,3.59,3.66,3.6,88.5,No,1
348,José Jiménez,Femenino,Grupo 2,Alto,A,Prof. Ruiz,3.54,3.01,3.27,4.06,4.88,3.9,3.78,94.8,No,1
349,Paula Ramírez,Masculino,Grupo 4,Bajo,A,Prof. Gómez,3.57,2.83,3.22,4.62,4.98,3.76,3.83,80.6,No,3
350,Lucía Ortiz,Otro,Grupo 3,Alto,B,Prof. Gómez,2.44,3.53,2.89,3.83,3.07,3.32,3.18,87.0,No,4
351,Paula Cruz,Otro,Grupo 1,Bajo,B,Prof. Pérez,3.12,3.75,2.88,2.79,3.93,3.12,3.26,99.7,No,3
352,Lucía Torres,Masculino,Grupo 4,Bajo,C,Prof. Pérez,3.7,3.66,3.64,3.66,4.81,3.09,3.76,86.1,No,3
353,Juan López,Otro,Grupo 1,Medio,C,Prof. Gómez,2.89,3.66,3.0,4.34,2.95,2.85,3.28,100.0,No,3
354,Fernando Pérez,Masculino,Grupo 3,Bajo,A,Prof. Morales,2.72,4.67,4.53,3.41,3.67,2.74,3.62,84.1,No,1
355,Carmen Díaz,Masculino,Grupo 1,Bajo,B,Prof. Torres,1.92,3.8,3.47,3.3,4.2,4.79,3.58,100.0,No,3
356,Ricardo Sánchez,Otro,Grupo 4,Bajo,B,Prof. Torres,3.04,4.05,4.55,3.84,2.09,3.59,3.53,90.3,No,1
357,José Morales,Masculino,Grupo 1,Alto,B,Prof. Gómez,2.7,3.21,3.9,3.11,4.08,3.39,3.4,83.0,No,2
358,Carlos Ortiz,Otro,Grupo 2,Medio,C,Prof. Gómez,2.81,4.16,2.96,3.71,2.74,3.15,3.26,100.0,No,4
359,Elena González,Femenino,Grupo 3,Bajo,B,Prof. Gómez,3.31,3.18,3.46,3.54,3.63,3.8,3.49,80.3,No,4
360,Valentina González,Masculino,Grupo 3,Medio,A,Prof. Morales,3.08,3.79,2.33,3.16,4.3,4.34,3.5,83.6,No,4
361,Ricardo Flores,Femenino,Grupo 3,Medio,A,Prof. Pérez,2.68,2.54,3.63,4.19,1.83,4.01,3.15,93.9,No,4
362,Elena Torres,Otro,Grupo 4,Bajo,C,Prof. Gómez,2.02,3.62,3.02,3.95,4.05,4.15,3.47,90.6,No,4
363,Luis González,Femenino,Grupo 3,Medio,D,Prof. Gómez,3.71,2.82,2.72,3.25,4.93,3.09,3.42,92.2,No,3
364,Ana Díaz,Femenino,Grupo 2,Bajo,C,Prof. Ruiz,4.03,4.16,4.57,3.49,3.13,3.5,3.81,87.1,No,3
365,Lucía Flores,Otro,Grupo 4,Bajo,D,Prof. Morales,3.22,4.11,4.22,3.31,3.9,3.1,3.64,80.4,No,3
366,Elena López,Femenino,Grupo 2,Medio,B,Prof. Gómez,3.31,3.17,4.2,3.05,4.43,3.57,3.62,84.8,No,3
367,Isabel Reyes,Femenino,Grupo 1,Bajo,C,Prof. Ruiz,3.5,4.93,4.05,2.31,2.38,4.39,3.59,100.0,No,3
368,Jorge Torres,Otro,Grupo 1,Medio,A,Prof. Torres,4.61,3.3,2.64,3.16,4.03,3.81,3.59,79.3,No,4
369,Isabel Torres,Femenino,Grupo 1,Medio,B,Prof. Gómez,2.4,2.37,3.22,3.06,4.22,4.64,3.32,100.0,No,2
370,Valentina Hernández,Otro,Grupo 1,Bajo,A,Prof. Gómez,3.21,2.95,3.26,3.58,3.95,3.3,3.38,92.5,No,3
371,Lucía Ramos,Femenino,Grupo 2,Medio,B,Prof. Ruiz,2.29,2.77,2.3,3.81,3.56,2.94,2.94,85.2,Sí,3
372,Andrés Ramírez,Otro,Grupo 4,Bajo,C,Prof. Morales,3.75,3.77,3.11,2.94,2.8,3.86,3.37,74.0,No,2
373,José Hernández,Otro,Grupo 4,Alto,D,Prof. Gómez,3.4,2.64,3.12,3.76,4.47,3.58,3.49,75.0,No,5
374,Ricardo Cruz,Femenino,Grupo 3,Medio,B,Prof. Torres,3.64,3.12,3.59,2.83,3.52,3.73,3.4,87.2,No,2
375,Paula Castillo,Femenino,Grupo 2,Alto,D,Prof. Gómez,3.61,3.72,5.0,3.41,2.87,3.62,3.7,86.2,No,3
376,Andrés Ramos,Femenino,Grupo 1,Medio,B,Prof. Torres,4.19,3.6,3.49,3.08,3.28,3.16,3.47,90.9,No,2
377,Valentina Reyes,Masculino,Grupo 2,Bajo,A,Prof. Pérez,3.88,3.49,3.59,4.02,3.76,3.64,3.73,100.0,No,4
378,Pedro Rivera,Masculino,Grupo 3,Medio,A,Prof. Pérez,4.08,3.59,3.32,3.58,2.41,4.18,3.53,94.3,No,3
379,Fernando Morales,Masculino,Grupo 3,Alto,B,Prof. Torres,2.75,3.24,4.02,3.42,3.51,4.25,3.53,89.0,No,3
380,Pedro Rivera,Otro,Grupo 2,Medio,D,Prof. Morales,4.34,2.38,2.75,3.06,3.21,3.16,3.15,99.7,No,4
381,Juan Reyes,Femenino,Grupo 2,Alto,C,Prof. Gómez,2.99,3.22,4.83,3.27,4.44,3.66,3.74,91.2,No,3
382,Jorge Flores,Otro,Grupo 2,Alto,C,Prof. Gómez,3.03,3.83,3.41,4.78,2.19,4.53,3.63,100.0,No,2
383,Ana Pérez,Masculino,Grupo 4,Bajo,A,Prof. Pérez,3.69,3.4,3.22,3.15,4.16,3.17,3.46,84.6,No,2
384,Juan Reyes,Femenino,Grupo 1,Bajo,C,Prof. Torres,3.71,3.77,4.18,3.84,4.49,3.05,3.84,80.8,No,4
385,Paula Rodríguez,Otro,Grupo 2,Medio,A,Prof. Gómez,2.75,3.09,2.88,3.42,2.21,4.06,3.07,74.0,No,3
386,Sofía Pérez,Femenino,Grupo 2,Medio,C,Prof. Gómez,3.38,4.2,4.0,3.82,2.3,3.93,3.6,89.2,No,2
387,Ana Reyes,Otro,Grupo 2,Alto,B,Prof. Morales,4.54,1.71,4.48,4.09,4.75,2.91,3.75,80.1,No,2
388,Jorge Sánchez,Femenino,Grupo 3,Alto,A,Prof. Ruiz,2.47,3.6,3.33,3.25,2.87,2.52,3.01,80.0,No,2
389,Pedro Morales,Masculino,Grupo 3,Bajo,A,Prof. Pérez,4.54,4.44,4.94,4.0,5.0,3.65,4.43,98.3,No,3
390,Andrés Martínez,Masculino,Grupo 4,Bajo,B,Prof. Pérez,3.33,4.55,3.95,5.0,2.24,3.21,3.71,76.2,No,1
391,Andrés Jiménez,Femenino,Grupo 1,Medio,A,Prof. Ruiz,1.86,3.34,3.96,3.9,3.62,2.32,3.17,90.8,No,1
392,Juan Castillo,Otro,Grupo 4,Bajo,C,Prof. Gómez,2.54,2.57,4.46,4.63,3.48,3.02,3.45,89.3,No,3
393,Lucía Pérez,Masculino,Grupo 1,Alto,C,Prof. Morales,2.83,4.46,4.64,3.84,3.35,3.92,3.84,90.7,No,3
394,Sofía Ortiz,Masculino,Grupo 3,Medio,A,Prof. Morales,3.06,3.46,3.68,2.85,3.82,3.39,3.38,100.0,No,3
395,Valentina Morales,Masculino,Grupo 3,Medio,C,Prof. Pérez,3.43,3.39,4.06,3.69,3.86,4.6,3.84,83.4,No,3
396,José López,Femenino,Grupo 3,Bajo,D,Prof. Morales,1.61,2.88,4.48,3.27,3.38,2.04,2.94,100.0,Sí,3
397,Juan Rodríguez,Femenino,Grupo 4,Medio,A,Prof. Ruiz,3.63,2.63,2.69,3.08,2.79,4.44,3.21,75.9,No,3
398,Ana Reyes,Otro,Grupo 2,Medio,B,Prof. Gómez,2.76,3.89,2.29,3.45,4.23,3.26,3.31,95.2,No,5
399,Luis Ramírez,Otro,Grupo 2,Medio,D,Prof. Ruiz,4.47,3.97,3.46,3.39,3.94,3.16,3.73,100.0,No,2
400,José Rivera,Otro,Grupo 3,Bajo,A,Prof. Torres,3.31,3.64,2.27,2.76,3.58,2.41,2.99,57.6,Sí,3
401,Paula López,Femenino,Grupo 2,Medio,B,Prof. Pérez,4.16,2.97,3.28,5.0,3.92,3.83,3.86,89.7,No,3
402,Ana Ortiz,Femenino,Grupo 2,Alto,C,Prof. Morales,4.28,2.75,3.72,4.07,4.04,2.22,3.51,89.1,No,2
403,Sofía Díaz,Otro,Grupo 4,Bajo,B,Prof. Torres,4.26,2.5,3.31,3.67,2.97,4.07,3.46,90.6,No,4
404,Fernando Torres,Otro,Grupo 1,Bajo,D,Prof. Morales,3.1,3.11,3.4,3.56,3.89,2.44,3.25,100.0,No,2
405,Elena Morales,Femenino,Grupo 3,Bajo,C,Prof. Gómez,3.09,2.8,2.8,4.34,3.11,2.55,3.12,83.9,No,3
406,Juan Ramos,Otro,Grupo 3,Medio,A,Prof. Gómez,3.34,2.3,4.05,4.95,4.06,2.67,3.56,80.5,No,3
407,José Jiménez,Masculino,Grupo 4,Medio,C,Prof. Gómez,3.95,3.96,2.76,3.98,3.37,3.0,3.5,90.6,No,2
408,Laura Reyes,Femenino,Grupo 4,Medio,A,Prof. Morales,3.14,2.58,2.03,3.58,3.93,4.16,3.24,99.0,No,3
409,Juan Castillo,Otro,Grupo 2,Bajo,A,Prof. Torres,3.42,4.19,3.35,4.53,3.2,4.55,3.87,94.5,No,3
410,María Torres,Femenino,Grupo 3,Bajo,B,Prof. Gómez,3.69,3.78,4.14,3.6,3.96,3.07,3.71,90.3,No,4
411,Miguel Morales,Masculino,Grupo 1,Medio,B,Prof. Torres,2.87,3.71,3.56,3.8,2.81,3.47,3.37,88.2,No,4
412,Ricardo Flores,Femenino,Grupo 4,Medio,B,Prof. Morales,2.82,4.67,2.68,4.2,3.53,3.84,3.62,73.9,No,2
413,Carlos Castillo,Femenino,Grupo 1,Alto,D,Prof. Torres,3.39,2.6,3.57,3.23,4.19,3.27,3.38,94.7,No,3
414,José Díaz,Femenino,Grupo 1,Bajo,D,Prof. Morales,3.48,4.11,3.81,2.05,3.83,3.82,3.52,95.6,No,4
415,Jorge Cruz,Femenino,Grupo 3,Medio,B,Prof. Morales,3.8,3.29,3.56,3.2,3.63,3.5,3.5,84.5,No,2
416,Juan Reyes,Masculino,Grupo 3,Medio,D,Prof. Pérez,3.97,5.0,3.31,4.04,4.76,3.32,4.07,86.3,No,3
417,Miguel Reyes,Femenino,Grupo 4,Medio,C,Prof. Morales,2.73,3.23,3.84,3.99,4.22,2.51,3.42,81.6,No,4
418,Lucía Jiménez,Femenino,Grupo 3,Medio,C,Prof. Morales,2.93,3.12,2.28,4.44,4.1,3.6,3.41,96.9,No,3
419,Luis Martínez,Otro,Grupo 3,Medio,D,Prof. Ruiz,2.82,3.8,2.87,3.22,3.96,4.17,3.47,87.1,No,2
420,Valentina Flores,Femenino,Grupo 3,Alto,D,Prof. Gómez,4.49,3.35,2.59,4.61,4.05,2.96,3.68,88.8,No,3
421,Valentina Rivera,Otro,Grupo 1,Bajo,C,Prof. Pérez,3.42,2.97,4.44,3.63,4.66,2.12,3.54,95.0,No,3
422,Elena González,Masculino,Grupo 4,Bajo,A,Prof. Pérez,3.51,2.82,4.0,3.92,3.21,3.28,3.46,92.6,No,5
423,Carmen Rivera,Masculino,Grupo 2,Medio,C,Prof. Pérez,3.54,4.52,3.63,4.13,4.21,4.56,4.1,94.5,No,2
424,Jorge Pérez,Masculino,Grupo 1,Medio,C,Prof. Ruiz,3.0,2.69,2.48,2.53,3.75,4.35,3.13,91.4,No,5
425,Laura Hernández,Masculino,Grupo 3,Bajo,D,Prof. Morales,4.59,3.66,4.02,2.8,3.23,3.09,3.56,91.6,No,3
426,Ricardo Sánchez,Otro,Grupo 1,Bajo,C,Prof. Gómez,3.79,4.24,4.47,2.77,3.43,3.82,3.75,91.5,No,2
427,Miguel Morales,Femenino,Grupo 3,Bajo,D,Prof. Torres,3.53,4.27,3.9,4.25,3.65,3.93,3.92,93.6,No,3
428,Pedro Morales,Masculino,Grupo 3,Alto,D,Prof. Morales,2.73,3.08,3.48,3.29,2.9,4.54,3.34,94.0,No,3
429,Ana Sánchez,Femenino,Grupo 1,Bajo,B,Prof. Ruiz,2.69,3.36,3.94,4.92,4.1,2.41,3.57,80.2,No,2
430,Miguel Torres,Otro,Grupo 4,Bajo,C,Prof. Morales,3.28,3.22,3.69,3.5,3.43,2.75,3.31,85.2,No,2
431,Miguel Cruz,Otro,Grupo 3,Bajo,A,Prof. Morales,3.01,2.43,4.15,2.47,3.56,2.09,2.95,88.4,Sí,4
432,Pedro Rivera,Otro,Grupo 4,Bajo,B,Prof. Ruiz,2.75,3.88,4.13,3.03,4.45,3.03,3.54,93.6,No,5
433,María González,Masculino,Grupo 2,Bajo,D,Prof. Pérez,3.24,3.53,3.35,3.58,3.59,4.25,3.59,100.0,No,3
434,Valentina Ramos,Femenino,Grupo 3,Medio,D,Prof. Pérez,3.35,4.51,3.04,3.86,4.59,3.11,3.74,83.5,No,2
435,Lucía Morales,Femenino,Grupo 4,Bajo,A,Prof. Gómez,3.6,2.92,3.22,2.81,3.13,2.58,3.04,97.0,No,4
436,Carmen Morales,Femenino,Grupo 4,Alto,D,Prof. Gómez,3.15,4.26,3.88,3.9,2.73,3.66,3.6,85.4,No,3
437,José Martínez,Otro,Grupo 2,Bajo,C,Prof. Pérez,2.79,4.31,3.26,4.08,3.3,3.68,3.57,100.0,No,2
438,Juan González,Masculino,Grupo 4,Medio,B,Prof. Torres,2.82,3.53,2.97,3.05,1.53,2.79,2.78,100.0,Sí,5
439,Paula Díaz,Otro,Grupo 4,Alto,D,Prof. Morales,4.35,1.98,3.5,4.88,4.13,3.15,3.66,76.0,No,1
440,Elena Sánchez,Otro,Grupo 2,Medio,D,Prof. Torres,2.62,3.14,4.28,3.13,2.77,3.61,3.26,87.4,No,3
441,Ana Jiménez,Femenino,Grupo 3,Medio,A,Prof. Morales,3.75,4.75,3.59,2.8,3.07,4.02,3.66,71.2,No,3
442,Fernando Ortiz,Otro,Grupo 4,Bajo,C,Prof. Pérez,3.86,3.71,3.31,2.43,4.0,3.05,3.39,76.5,No,3
443,Lucía Jiménez,Femenino,Grupo 4,Bajo,D,Prof. Gómez,3.42,3.99,3.72,4.35,3.58,2.94,3.67,77.0,No,2
444,Valentina García,Masculino,Grupo 4,Medio,A,Prof. Gómez,4.74,3.44,3.56,3.52,3.19,4.84,3.88,95.0,No,3
445,Ana Sánchez,Femenino,Grupo 1,Alto,D,Prof. Torres,3.85,3.34,2.15,3.16,2.07,3.31,2.98,93.5,Sí,5
446,Lucía García,Masculino,Grupo 2,Medio,A,Prof. Gómez,4.79,2.19,3.99,2.47,4.41,3.67,3.59,96.4,No,3
447,Pedro Flores,Femenino,Grupo 1,Medio,A,Prof. Pérez,3.04,4.06,3.79,3.23,4.01,3.95,3.68,94.9,No,3
448,Juan Sánchez,Otro,Grupo 2,Medio,C,Prof. Torres,3.06,4.26,3.51,5.0,4.94,2.25,3.84,93.9,No,2
449,Ricardo Hernández,Otro,Grupo 3,Medio,D,Prof. Morales,3.87,2.83,4.24,2.0,3.08,3.49,3.25,90.9,No,4
450,Ricardo Rodríguez,Masculino,Grupo 3,Bajo,C,Prof. Gómez,3.32,3.37,4.35,3.06,2.48,2.35,3.16,89.0,No,5
451,Ricardo Ramírez,Masculino,Grupo 4,Medio,A,Prof. Ruiz,4.68,3.28,4.06,4.75,4.2,3.41,4.06,98.2,No,4
452,María Castillo,Masculino,Grupo 2,Alto,B,Prof. Gómez,3.74,3.79,2.9,4.37,3.37,4.46,3.77,90.1,No,3
453,Sofía Hernández,Femenino,Grupo 3,Bajo,D,Prof. Morales,2.77,3.12,2.93,3.1,3.94,2.8,3.11,94.2,No,5
454,Ana Sánchez,Femenino,Grupo 2,Medio,B,Prof. Torres,2.28,4.15,4.28,3.64,4.63,2.33,3.55,71.4,No,2
455,Carmen Díaz,Masculino,Grupo 3,Bajo,D,Prof. Morales,3.45,3.55,2.19,3.82,3.77,4.82,3.6,80.6,No,3
456,Laura Torres,Otro,Grupo 1,Medio,C,Prof. Ruiz,3.44,1.72,3.4,3.59,3.62,2.7,3.08,97.8,No,3
457,María Pérez,Femenino,Grupo 3,Bajo,C,Prof. Pérez,3.72,3.81,3.81,4.75,3.66,2.45,3.7,84.7,No,3
458,José González,Femenino,Grupo 1,Medio,C,Prof. Gómez,4.35,4.2,2.27,3.74,2.35,4.63,3.59,78.8,No,4
459,Jorge García,Femenino,Grupo 3,Medio,C,Prof. Torres,4.26,2.69,3.66,4.29,4.28,2.67,3.64,95.1,No,3
460,Juan Pérez,Masculino,Grupo 4,Bajo,C,Prof. Pérez,3.09,3.79,4.17,3.63,4.32,4.65,3.94,90.0,No,2
461,Laura Cruz,Masculino,Grupo 1,Medio,B,Prof. Morales,2.59,4.78,2.46,2.08,3.87,3.69,3.25,86.7,No,3
462,Isabel Díaz,Masculino,Grupo 3,Medio,C,Prof. Torres,2.64,3.58,4.66,2.67,2.44,4.4,3.4,100.0,No,3
463,Lucía Rodríguez,Masculino,Grupo 4,Alto,A,Prof. Pérez,2.98,4.3,2.79,2.81,3.42,3.63,3.32,100.0,No,3
464,Miguel Castillo,Masculino,Grupo 1,Bajo,A,Prof. Torres,3.24,3.19,3.9,3.33,4.51,4.26,3.74,88.5,No,2
465,Miguel Torres,Otro,Grupo 4,Bajo,B,Prof. Ruiz,3.71,3.49,3.44,4.95,3.1,2.86,3.59,95.8,No,2
466,Sofía Cruz,Otro,Grupo 2,Bajo,D,Prof. Ruiz,2.94,3.36,3.55,3.75,4.33,3.07,3.5,72.1,No,3
467,Luis Ortiz,Masculino,Grupo 2,Alto,A,Prof. Gómez,3.7,3.23,2.6,3.43,3.54,2.02,3.09,98.7,No,4
468,Fernando Sánchez,Femenino,Grupo 1,Alto,D,Prof. Gómez,3.75,3.4,4.38,4.37,4.0,4.18,4.01,81.3,No,5
469,Juan Ortiz,Masculino,Grupo 3,Medio,B,Prof. Ruiz,3.6,2.36,3.73,2.48,3.21,3.79,3.2,78.4,No,5
470,Valentina Cruz,Otro,Grupo 1,Alto,D,Prof. Torres,2.71,3.27,4.63,3.16,3.56,2.79,3.35,75.7,No,4
471,Jorge Cruz,Otro,Grupo 4,Medio,D,Prof. Ruiz,3.83,4.44,2.62,3.05,3.81,2.28,3.34,75.1,No,2
472,Jorge Hernández,Femenino,Grupo 3,Medio,D,Prof. Gómez,4.96,2.83,3.37,3.78,2.74,3.7,3.56,98.6,No,4
473,Juan Pérez,Otro,Grupo 2,Bajo,D,Prof. Ruiz,3.67,2.75,3.65,4.13,3.69,4.67,3.76,95.0,No,3
474,Miguel Pérez,Masculino,Grupo 3,Medio,B,Prof. Ruiz,1.43,3.54,3.54,3.83,1.62,3.4,2.89,83.9,Sí,4
475,Carmen Pérez,Femenino,Grupo 2,Bajo,A,Prof. Torres,4.37,3.58,3.97,3.84,3.08,3.04,3.65,96.8,No,3
476,Lucía Martínez,Masculino,Grupo 3,Alto,C,Prof. Pérez,3.01,3.76,3.36,3.25,3.88,2.84,3.35,85.2,No,4
477,Valentina Ramos,Masculino,Grupo 3,Medio,D,Prof. Gómez,5.0,3.42,4.99,3.72,4.28,4.37,4.3,92.6,No,3
478,Andrés Ortiz,Femenino,Grupo 3,Medio,A,Prof. Torres,3.58,3.55,3.53,2.91,3.83,2.95,3.39,86.1,No,1
479,Carlos Rivera,Masculino,Grupo 4,Bajo,A,Prof. Ruiz,2.32,3.25,1.48,3.97,2.53,3.24,2.8,89.0,Sí,3
480,Carlos Cruz,Otro,Grupo 4,Bajo,B,Prof. Ruiz,2.05,2.61,3.56,3.15,4.22,4.23,3.3,82.7,No,2
481,Miguel García,Masculino,Grupo 1,Bajo,A,Prof. Pérez,4.58,3.45,4.38,2.71,2.7,3.95,3.63,83.9,No,5
482,Sofía Flores,Femenino,Grupo 1,Bajo,B,Prof. Gómez,4.27,4.01,2.85,3.53,3.93,3.27,3.64,94.4,No,3
483,Laura Reyes,Femenino,Grupo 2,Bajo,D,Prof. Gómez,5.0,3.86,2.81,2.16,2.73,3.01,3.26,95.6,No,3
484,Jorge Martínez,Femenino,Grupo 4,Alto,D,Prof. Morales,3.51,2.28,2.91,4.53,2.96,4.53,3.45,86.7,No,5
485,María Flores,Masculino,Grupo 2,Medio,C,Prof. Gómez,3.46,3.68,2.75,4.06,2.83,2.72,3.25,77.8,No,3
486,Paula Rodríguez,Femenino,Grupo 1,Bajo,C,Prof. Pérez,3.23,2.88,3.16,3.74,3.6,3.35,3.33,100.0,No,3
487,Carmen Reyes,Femenino,Grupo 2,Bajo,C,Prof. Morales,3.04,4.47,4.14,2.36,3.36,2.45,3.3,90.3,No,2
488,Miguel Sánchez,Masculino,Grupo 1,Medio,A,Prof. Morales,3.23,3.73,4.57,3.01,3.86,4.33,3.79,92.5,No,3
489,Jorge Ortiz,Otro,Grupo 4,Medio,D,Prof. Ruiz,3.65,4.13,1.8,3.53,3.49,3.17,3.3,79.9,No,4
490,Valentina Torres,Masculino,Grupo 3,Medio,B,Prof. Ruiz,2.91,3.51,3.24,3.32,2.44,3.01,3.07,99.7,No,4
491,Andrés Pérez,Femenino,Grupo 4,Alto,C,Prof. Gómez,2.33,3.45,3.71,2.32,3.69,3.96,3.24,100.0,No,5
492,Jorge Torres,Femenino,Grupo 2,Medio,B,Prof. Morales,3.61,4.55,3.64,2.58,2.27,2.5,3.19,76.3,No,1
493,Paula Ramos,Masculino,Grupo 2,Alto,B,Prof. Ruiz,2.89,4.18,4.83,3.3,2.88,3.94,3.67,89.2,No,2
494,Jorge Díaz,Otro,Grupo 4,Alto,C,Prof. Pérez,1.23,3.58,2.09,2.6,3.25,3.25,2.67,88.6,Sí,1
495,Pedro Sánchez,Femenino,Grupo 4,Bajo,D,Prof. Ruiz,3.89,3.36,1.69,4.46,3.2,2.66,3.21,100.0,No,4
496,María Hernández,Femenino,Grupo 1,Alto,C,Prof. Ruiz,2.72,2.3,4.94,3.85,2.35,2.81,3.16,100.0,No,2
497,Juan Castillo,Femenino,Grupo 2,Bajo,B,Prof. Morales,3.96,3.73,4.03,2.94,4.46,3.02,3.69,78.4,No,1
498,Andrés Cruz,Masculino,Grupo 2,Alto,C,Prof. Morales,3.95,3.41,3.1,4.32,4.65,3.19,3.77,84.2,No,3
499,Andrés Ramos,Femenino,Grupo 4,Bajo,B,Prof. Torres,3.7,3.89,3.62,4.18,5.0,2.66,3.84,82.9,No,3
500,Carmen González,Otro,Grupo 3,Alto,B,Prof. Pérez,5.0,4.1,3.67,3.7,4.3,3.71,4.08,93.0,No,4
501,Isabel Martínez,Femenino,Grupo 2,Alto,C,Prof. Morales,3.4,4.36,3.08,3.47,3.22,2.64,3.36,100.0,No,3
502,Fernando Morales,Femenino,Grupo 3,Alto,A,Prof. Gómez,3.3,3.74,3.6,3.29,3.21,1.84,3.16,90.9,No,3
503,Sofía Sánchez,Otro,Grupo 4,Medio,C,Prof. Pérez,3.98,2.77,3.75,3.12,3.17,4.84,3.6,94.0,No,3
504,Sofía Díaz,Femenino,Grupo 4,Bajo,A,Prof. Pérez,3.46,2.0,4.91,2.56,4.89,3.64,3.58,84.7,No,4
505,Juan Sánchez,Masculino,Grupo 1,Bajo,B,Prof. Morales,4.31,2.92,4.17,4.57,3.42,4.91,4.05,94.0,No,3
506,Pedro Hernández,Masculino,Grupo 2,Medio,B,Prof. Pérez,2.61,4.43,4.72,3.14,4.39,2.77,3.68,86.2,No,3
507,José Torres,Masculino,Grupo 3,Bajo,A,Prof. Morales,2.62,4.78,2.56,3.52,4.33,3.84,3.61,76.9,No,3
508,Miguel González,Otro,Grupo 1,Medio,B,Prof. Ruiz,4.04,3.33,3.26,2.86,3.63,4.13,3.54,93.4,No,2
509,María Torres,Femenino,Grupo 2,Bajo,A,Prof. Torres,2.68,2.48,3.67,3.32,2.48,3.37,3.0,89.9,No,4
510,Miguel Hernández,Masculino,Grupo 1,Alto,A,Prof. Ruiz,3.93,3.05,2.16,5.0,3.43,2.49,3.34,81.2,No,2
511,Lucía Ramírez,Otro,Grupo 4,Medio,B,Prof. Morales,3.76,4.3,4.33,2.99,3.6,3.31,3.72,100.0,No,5
512,Elena Jiménez,Femenino,Grupo 2,Alto,D,Prof. Morales,3.01,3.09,3.95,4.51,4.39,3.94,3.82,83.9,No,2
513,Juan Morales,Otro,Grupo 1,Bajo,A,Prof. Ruiz,3.76,3.91,3.24,3.48,3.51,3.91,3.64,94.9,No,4
514,Paula Castillo,Masculino,Grupo 1,Alto,C,Prof. Gómez,2.64,3.62,3.37,3.98,2.65,3.5,3.29,87.1,No,4
515,Lucía Díaz,Masculino,Grupo 3,Alto,C,Prof. Gómez,2.8,4.0,4.38,4.37,4.19,4.13,3.98,100.0,No,3
516,Carlos Ortiz,Masculino,Grupo 1,Medio,B,Prof. Gómez,3.33,4.77,2.94,3.69,3.34,4.1,3.7,88.1,No,3
517,Juan Ortiz,Otro,Grupo 2,Medio,D,Prof. Morales,3.56,3.91,4.41,3.25,1.72,3.13,3.33,76.6,No,3
518,Paula López,Otro,Grupo 2,Medio,B,Prof. Pérez,3.29,3.6,3.32,3.37,3.73,2.44,3.29,96.5,No,3
519,Miguel Ramos,Masculino,Grupo 3,Bajo,D,Prof. Morales,3.8,4.85,4.03,3.39,3.85,3.63,3.92,100.0,No,2
520,Luis Castillo,Otro,Grupo 2,Medio,A,Prof. Pérez,3.77,3.74,3.56,4.81,2.91,2.98,3.63,86.6,No,3
521,María Castillo,Masculino,Grupo 4,Bajo,A,Prof. Ruiz,4.57,2.94,5.0,2.46,3.37,3.6,3.66,95.4,No,4
522,Juan Ramos,Masculino,Grupo 2,Bajo,A,Prof. Torres,3.43,3.98,2.88,2.26,3.96,4.44,3.49,91.0,No,2
523,José García,Femenino,Grupo 2,Bajo,A,Prof. Pérez,4.34,3.81,3.1,2.31,3.73,3.81,3.52,86.9,No,4
524,María Ramírez,Otro,Grupo 1,Bajo,C,Prof. Gómez,4.14,3.28,2.45,2.87,2.41,4.41,3.26,96.7,No,3
525,Miguel Flores,Masculino,Grupo 1,Bajo,C,Prof. Morales,5.0,3.14,2.73,3.99,4.38,2.79,3.67,83.6,No,3
526,María López,Masculino,Grupo 2,Bajo,B,Prof. Ruiz,3.41,3.29,4.0,4.03,4.69,4.26,3.95,90.3,No,5
527,Sofía Hernández,Otro,Grupo 3,Alto,D,Prof. Gómez,3.21,3.13,4.62,3.07,3.14,4.67,3.64,92.1,No,3
528,Ana Cruz,Femenino,Grupo 1,Medio,A,Prof. Ruiz,4.38,3.31,4.08,3.48,2.16,3.55,3.49,91.8,No,3
529,Andrés Díaz,Femenino,Grupo 3,Alto,A,Prof. Torres,3.77,2.91,3.5,2.72,4.04,5.0,3.66,83.8,No,4
530,Juan Ramírez,Masculino,Grupo 2,Medio,D,Prof. Morales,4.4,3.77,2.87,2.78,3.03,2.9,3.29,100.0,No,5
531,Lucía Díaz,Otro,Grupo 2,Bajo,D,Prof. Morales,4.0,3.72,4.13,3.91,3.87,3.05,3.78,100.0,No,2
532,Jorge Morales,Femenino,Grupo 4,Medio,B,Prof. Torres,2.03,3.74,2.84,4.23,5.0,3.95,3.63,97.9,No,3
533,Pedro Hernández,Otro,Grupo 1,Medio,D,Prof. Morales,3.76,3.46,2.56,3.17,2.42,3.54,3.15,100.0,No,3
534,Isabel Hernández,Otro,Grupo 2,Bajo,A,Prof. Pérez,3.72,3.38,3.28,4.64,2.94,2.98,3.49,90.6,No,1
535,Fernando González,Masculino,Grupo 4,Medio,A,Prof. Ruiz,3.59,4.51,2.08,4.18,3.36,3.93,3.61,87.0,No,2
536,Ricardo Jiménez,Femenino,Grupo 1,Bajo,A,Prof. Gómez,3.41,3.55,2.53,4.61,4.4,3.75,3.71,81.3,No,3
537,Sofía Rivera,Masculino,Grupo 2,Medio,A,Prof. Torres,2.39,4.38,4.82,3.29,5.0,3.09,3.83,84.4,No,3
538,Ana Cruz,Femenino,Grupo 2,Medio,A,Prof. Pérez,4.11,2.8,2.4,4.56,3.67,3.63,3.53,81.9,No,4
539,Jorge Flores,Femenino,Grupo 1,Bajo,B,Prof. Gómez,3.76,3.91,2.67,5.0,2.36,4.03,3.62,85.8,No,4
540,Andrés Díaz,Femenino,Grupo 1,Bajo,A,Prof. Gómez,4.27,2.99,3.55,3.21,3.26,3.07,3.39,92.2,No,3
541,José Ramírez,Femenino,Grupo 1,Medio,B,Prof. Torres,2.42,3.11,3.59,3.39,2.96,3.86,3.22,97.3,No,1
542,Carlos Rivera,Femenino,Grupo 2,Medio,A,Prof. Pérez,3.85,3.21,3.34,2.84,4.01,2.89,3.36,97.1,No,2
543,Juan Ramos,Otro,Grupo 2,Bajo,C,Prof. Gómez,3.34,3.17,2.1,2.7,3.76,3.03,3.02,80.6,No,3
544,Luis López,Masculino,Grupo 4,Alto,C,Prof. Gómez,3.6,3.17,4.09,2.71,2.77,4.28,3.44,95.5,No,3
545,Fernando Díaz,Otro,Grupo 3,Bajo,C,Prof. Pérez,3.34,4.35,3.19,2.93,2.92,3.93,3.44,99.2,No,1
546,Carlos Castillo,Femenino,Grupo 1,Medio,C,Prof. Morales,3.88,3.53,4.35,3.69,3.25,2.18,3.48,88.0,No,3
547,Paula Díaz,Masculino,Grupo 2,Alto,B,Prof. Gómez,3.39,3.66,3.05,2.96,3.33,3.24,3.27,99.6,No,5
548,Jorge González,Femenino,Grupo 2,Bajo,B,Prof. Ruiz,2.76,3.18,4.19,3.67,3.47,3.84,3.52,97.0,No,4
549,Paula Sánchez,Masculino,Grupo 1,Bajo,D,Prof. Pérez,3.56,4.1,4.41,3.69,3.53,3.6,3.82,79.9,No,4
550,Sofía Rivera,Otro,Grupo 3,Bajo,A,Prof. Gómez,3.35,3.75,3.17,3.17,4.36,3.93,3.62,100.0,No,3
551,María Jiménez,Masculino,Grupo 1,Bajo,C,Prof. Torres,3.44,3.28,4.12,3.46,3.22,3.58,3.52,84.3,No,2
552,Fernando Flores,Masculino,Grupo 3,Bajo,B,Prof. Ruiz,1.27,2.39,2.57,3.13,3.12,3.41,2.65,97.7,Sí,2
553,Carmen Cruz,Masculino,Grupo 2,Medio,A,Prof. Gómez,3.98,3.65,3.68,3.28,2.56,3.39,3.42,97.4,No,4
554,Valentina Rodríguez,Masculino,Grupo 3,Bajo,A,Prof. Ruiz,3.28,3.9,4.36,2.93,3.34,4.26,3.68,80.2,No,3
555,Carmen Ramos,Masculino,Grupo 4,Medio,B,Prof. Ruiz,2.56,2.81,3.86,3.56,3.68,3.99,3.41,91.4,No,3
556,Carmen García,Femenino,Grupo 2,Alto,C,Prof. Morales,4.15,3.29,5.0,3.08,2.29,3.78,3.6,97.3,No,2
557,Paula Díaz,Masculino,Grupo 4,Alto,D,Prof. Ruiz,3.95,3.88,3.9,2.68,3.26,3.56,3.54,80.1,No,3
558,María Castillo,Masculino,Grupo 1,Medio,A,Prof. Morales,3.27,2.4,3.24,3.92,4.31,3.12,3.38,90.8,No,1
559,Sofía Ortiz,Otro,Grupo 1,Bajo,D,Prof. Pérez,2.69,3.05,5.0,3.94,3.95,3.29,3.65,97.9,No,2
560,Sofía Hernández,Masculino,Grupo 1,Medio,C,Prof. Morales,3.62,3.76,4.64,4.28,3.76,4.25,4.05,98.5,No,3
561,Carlos Ortiz,Otro,Grupo 3,Medio,C,Prof. Torres,3.59,4.27,2.38,2.78,3.93,4.18,3.52,86.8,No,3
562,Lucía Pérez,Femenino,Grupo 2,Medio,D,Prof. Gómez,4.15,5.0,2.95,3.16,3.1,3.05,3.57,100.0,No,2
563,Paula Morales,Masculino,Grupo 1,Bajo,C,Prof. Pérez,3.19,4.87,2.77,3.66,3.01,3.57,3.51,100.0,No,2
564,Carlos Flores,Otro,Grupo 1,Alto,A,Prof. Pérez,4.34,3.6,3.95,3.15,4.39,3.85,3.88,91.9,No,4
565,Jorge Ortiz,Otro,Grupo 2,Medio,D,Prof. Torres,3.12,3.16,3.9,3.9,4.08,3.8,3.66,84.7,No,3
566,Paula García,Femenino,Grupo 1,Bajo,C,Prof. Morales,2.56,4.15,3.89,3.85,2.98,3.8,3.54,80.7,No,3
567,Valentina Pérez,Masculino,Grupo 4,Bajo,D,Prof. Gómez,2.71,3.12,2.36,3.84,2.18,2.72,2.82,93.0,Sí,3
568,Miguel Torres,Masculino,Grupo 2,Medio,A,Prof. Morales,3.46,2.97,3.05,4.52,2.99,2.68,3.28,100.0,No,5
569,Ricardo Rodríguez,Otro,Grupo 2,Alto,C,Prof. Ruiz,3.45,3.29,3.4,3.95,3.88,4.32,3.72,88.8,No,1
570,Paula Reyes,Masculino,Grupo 2,Medio,A,Prof. Morales,3.73,3.2,2.22,3.61,3.04,4.56,3.39,83.1,No,2
571,Elena Rivera,Otro,Grupo 4,Medio,C,Prof. Pérez,3.44,3.79,2.89,3.36,3.73,2.46,3.28,96.6,No,3
572,Andrés Martínez,Masculino,Grupo 2,Bajo,B,Prof. Gómez,4.18,3.08,4.45,3.41,4.49,3.48,3.85,91.4,No,2
573,Juan Torres,Otro,Grupo 4,Medio,C,Prof. Morales,3.32,3.56,2.41,2.76,3.43,4.07,3.26,94.1,No,3
574,Lucía Torres,Masculino,Grupo 2,Medio,D,Prof. Gómez,2.1,4.62,4.52,2.26,3.66,1.96,3.19,85.8,No,3
575,Lucía Castillo,Femenino,Grupo 3,Bajo,C,Prof. Gómez,3.42,3.59,4.26,3.82,3.98,2.75,3.64,87.0,No,5
576,Laura Martínez,Masculino,Grupo 1,Bajo,A,Prof. Ruiz,2.1,4.56,3.3,4.36,2.74,3.44,3.42,85.8,No,4
577,Fernando Ramírez,Masculino,Grupo 3,Medio,A,Prof. Ruiz,3.69,4.34,3.05,3.27,2.96,3.08,3.4,94.0,No,5
578,Paula Díaz,Femenino,Grupo 1,Bajo,C,Prof. Pérez,4.24,3.91,4.08,4.61,4.01,3.65,4.08,87.3,No,2
579,Fernando Rivera,Masculino,Grupo 4,Medio,D,Prof. Torres,2.81,3.25,2.95,3.38,3.53,4.53,3.41,94.7,No,4
580,Fernando López,Femenino,Grupo 3,Bajo,B,Prof. Gómez,4.49,4.23,2.98,2.13,3.59,2.9,3.39,85.0,No,2
581,Juan Jiménez,Masculino,Grupo 2,Bajo,D,Prof. Torres,4.09,3.33,3.48,4.14,3.52,3.54,3.68,94.0,No,3
582,Carmen Pérez,Otro,Grupo 1,Bajo,B,Prof. Pérez,4.34,3.5,2.01,3.16,4.18,3.26,3.41,95.6,No,4
583,Ricardo Rivera,Otro,Grupo 1,Alto,A,Prof. Gómez,3.63,3.73,2.49,4.21,3.8,3.6,3.58,92.7,No,2
584,Paula Morales,Masculino,Grupo 3,Alto,D,Prof. Gómez,2.81,3.5,3.28,2.61,3.81,3.5,3.25,97.3,No,3
585,Luis González,Masculino,Grupo 4,Alto,B,Prof. Torres,4.05,3.0,3.83,3.79,4.36,5.0,4.0,86.1,No,1
586,Carmen Morales,Masculino,Grupo 3,Medio,C,Prof. Morales,3.06,2.43,2.94,2.94,4.62,4.54,3.42,95.5,No,2
587,Isabel Martínez,Otro,Grupo 4,Bajo,A,Prof. Ruiz,3.58,4.17,3.36,3.64,5.0,2.39,3.69,91.9,No,5
588,Luis Pérez,Masculino,Grupo 4,Medio,C,Prof. Morales,3.38,3.9,2.37,4.04,3.09,2.87,3.28,83.5,No,2
589,Ricardo Flores,Otro,Grupo 1,Medio,A,Prof. Torres,4.29,2.3,4.15,3.87,5.0,2.96,3.76,74.7,No,1
590,Ana Torres,Femenino,Grupo 3,Alto,D,Prof. Ruiz,4.01,2.98,3.65,3.55,2.73,2.64,3.26,76.5,No,3
591,Andrés González,Otro,Grupo 3,Bajo,D,Prof. Morales,3.44,3.63,3.72,2.54,4.85,2.54,3.45,72.3,No,4
592,Sofía Torres,Otro,Grupo 4,Medio,A,Prof. Ruiz,2.13,3.81,3.84,4.01,3.06,3.38,3.37,93.4,No,1
593,Pedro Díaz,Femenino,Grupo 3,Bajo,A,Prof. Gómez,3.06,2.44,3.55,4.22,3.45,2.98,3.28,87.4,No,3
594,Paula Morales,Otro,Grupo 2,Bajo,A,Prof. Morales,3.99,3.44,3.16,2.77,3.51,2.88,3.29,90.7,No,4
595,Ana Morales,Masculino,Grupo 2,Medio,D,Prof. Ruiz,3.7,3.88,4.29,2.87,2.89,4.91,3.76,88.6,No,2
596,Miguel Rivera,Masculino,Grupo 3,Medio,B,Prof. Ruiz,2.45,3.25,3.61,4.25,3.56,3.03,3.36,94.7,No,3
597,Valentina Jiménez,Otro,Grupo 3,Bajo,C,Prof. Ruiz,2.24,3.68,3.38,3.35,2.93,3.19,3.13,94.9,No,4
598,Paula Sánchez,Masculino,Grupo 4,Bajo,C,Prof. Morales,3.64,3.16,3.49,2.89,2.64,4.02,3.31,90.3,No,3
599,Jorge Sánchez,Otro,Grupo 2,Medio,D,Prof. Pérez,2.76,4.14,3.48,3.69,3.47,3.19,3.46,90.8,No,4
600,Carlos Morales,Masculino,Grupo 2,Medio,C,Prof. Morales,2.83,2.94,3.38,3.05,4.61,2.68,3.25,91.1,No,2
601,Juan Pérez,Masculino,Grupo 1,Alto,A,Prof. Torres,3.97,2.7,3.81,3.61,3.32,3.32,3.46,100.0,No,5
602,Ricardo Castillo,Otro,Grupo 4,Alto,B,Prof. Morales,4.34,3.52,2.84,3.21,4.16,4.91,3.83,74.0,No,5
603,Ricardo Torres,Masculino,Grupo 1,Medio,C,Prof. Ruiz,2.97,2.5,2.9,3.27,2.91,3.16,2.95,84.6,Sí,2
604,Ana Martínez,Otro,Grupo 2,Bajo,B,Prof. Gómez,3.47,2.03,3.89,4.28,2.6,2.86,3.19,96.9,No,1
605,José Martínez,Masculino,Grupo 4,Medio,A,Prof. Morales,3.45,4.26,3.4,1.77,3.82,3.79,3.41,98.9,No,5
606,Valentina Ramírez,Masculino,Grupo 3,Medio,C,Prof. Morales,3.39,2.81,4.18,3.89,4.73,3.29,3.72,93.4,No,3
607,Juan Reyes,Femenino,Grupo 4,Bajo,D,Prof. Ruiz,3.53,2.57,3.79,4.16,3.65,5.0,3.78,88.5,No,3
608,Carlos Sánchez,Femenino,Grupo 3,Alto,B,Prof. Gómez,4.03,2.93,3.11,3.06,4.08,2.95,3.36,100.0,No,3
609,Lucía Ramírez,Otro,Grupo 3,Bajo,A,Prof. Gómez,3.03,2.9,3.9,4.16,4.55,4.71,3.88,91.4,No,4
610,Ricardo Ramírez,Femenino,Grupo 4,Alto,B,Prof. Torres,2.43,3.4,4.34,2.83,3.47,4.31,3.46,90.2,No,4
611,Luis Flores,Otro,Grupo 3,Medio,C,Prof. Morales,4.68,2.73,3.81,3.04,3.39,3.23,3.48,100.0,No,2
612,Sofía González,Femenino,Grupo 1,Medio,C,Prof. Gómez,4.26,3.85,3.97,2.96,3.83,3.5,3.73,93.8,No,2
613,Fernando Rodríguez,Masculino,Grupo 2,Medio,D,Prof. Gómez,2.73,3.95,3.38,4.17,3.96,2.78,3.49,97.5,No,4
614,Jorge Martínez,Otro,Grupo 3,Alto,A,Prof. Pérez,3.59,2.61,4.2,2.28,2.52,3.12,3.05,98.5,No,4
615,Carlos Reyes,Otro,Grupo 1,Medio,A,Prof. Pérez,4.21,3.07,3.09,4.65,3.71,3.23,3.66,87.0,No,3
616,Luis Martínez,Masculino,Grupo 3,Medio,D,Prof. Gómez,4.02,3.13,3.74,3.29,3.5,3.61,3.55,100.0,No,5
617,Ricardo Ramos,Otro,Grupo 2,Bajo,D,Prof. Torres,3.82,3.38,5.0,3.93,2.95,2.51,3.6,70.3,No,4
618,Miguel Cruz,Otro,Grupo 1,Medio,A,Prof. Gómez,3.38,4.26,3.88,3.87,3.45,3.72,3.76,74.2,No,2
619,Ricardo Torres,Femenino,Grupo 2,Bajo,B,Prof. Ruiz,4.71,4.3,3.21,3.61,2.68,3.4,3.65,84.6,No,4
620,Isabel Ramírez,Otro,Grupo 2,Medio,B,Prof. Morales,3.65,5.0,3.2,3.08,2.44,3.78,3.53,86.6,No,3
621,Valentina González,Masculino,Grupo 1,Medio,D,Prof. Torres,3.14,1.91,3.45,4.37,3.55,3.88,3.38,92.9,No,1
622,Valentina García,Femenino,Grupo 1,Medio,B,Prof. Ruiz,4.11,2.85,4.1,3.14,4.13,3.34,3.61,84.5,No,3
623,Sofía Ortiz,Femenino,Grupo 1,Bajo,A,Prof. Torres,3.57,4.77,3.6,2.99,3.26,3.84,3.67,89.9,No,4
624,Carlos Ramírez,Masculino,Grupo 4,Bajo,C,Prof. Ruiz,3.74,2.24,3.05,4.11,2.83,3.44,3.24,88.4,No,5
625,Ana Castillo,Masculino,Grupo 1,Medio,C,Prof. Morales,3.64,4.75,3.04,3.6,2.94,4.02,3.66,100.0,No,2
626,Fernando Cruz,Femenino,Grupo 1,Bajo,B,Prof. Morales,3.85,3.6,3.61,4.45,3.88,3.72,3.85,83.6,No,2
627,Valentina Sánchez,Otro,Grupo 1,Bajo,D,Prof. Pérez,2.82,3.63,3.53,3.46,4.67,3.63,3.62,76.5,No,3
628,Valentina Cruz,Femenino,Grupo 1,Bajo,D,Prof. Ruiz,2.48,2.6,3.82,3.04,4.04,3.43,3.24,99.0,No,4
629,Elena Ortiz,Masculino,Grupo 3,Alto,D,Prof. Pérez,4.5,3.18,4.14,3.69,4.41,4.41,4.06,84.3,No,4
630,Pedro Ramos,Femenino,Grupo 4,Medio,D,Prof. Ruiz,3.67,4.72,5.0,3.19,2.77,3.78,3.86,89.3,No,3
631,Ana López,Masculino,Grupo 2,Bajo,D,Prof. Pérez,4.04,3.47,2.48,3.06,3.45,2.57,3.18,84.8,No,3
632,Carmen Ortiz,Femenino,Grupo 1,Bajo,B,Prof. Morales,2.27,3.19,3.98,4.08,4.21,3.17,3.48,95.9,No,2
633,Juan Hernández,Otro,Grupo 3,Bajo,C,Prof. Torres,4.25,3.78,3.57,4.78,2.52,3.34,3.71,79.0,No,3
634,Carlos García,Femenino,Grupo 3,Medio,C,Prof. Pérez,3.13,3.37,2.21,3.33,3.04,3.5,3.1,67.6,Sí,2
635,José López,Femenino,Grupo 3,Medio,B,Prof. Ruiz,2.94,3.74,4.37,2.82,4.16,3.62,3.61,100.0,No,4
636,Ana Ramírez,Masculino,Grupo 2,Bajo,D,Prof. Ruiz,3.46,2.91,3.79,3.39,3.68,2.84,3.34,92.0,No,2
637,Pedro Ramos,Masculino,Grupo 1,Bajo,B,Prof. Morales,2.82,3.45,4.06,3.86,2.82,3.45,3.41,98.6,No,3
638,Fernando Jiménez,Masculino,Grupo 4,Bajo,C,Prof. Ruiz,3.5,3.05,2.31,3.68,2.36,3.28,3.03,100.0,No,2
639,Isabel Castillo,Femenino,Grupo 4,Medio,A,Prof. Gómez,3.4,2.24,3.35,4.34,4.44,4.26,3.67,82.7,No,3
640,Isabel González,Otro,Grupo 3,Medio,B,Prof. Torres,4.24,3.84,2.74,3.97,2.06,2.8,3.28,90.5,No,2
641,Pedro González,Masculino,Grupo 2,Bajo,D,Prof. Pérez,4.56,2.64,5.0,2.73,3.94,3.49,3.73,94.0,No,3
642,Laura Reyes,Masculino,Grupo 2,Bajo,C,Prof. Torres,4.54,3.38,4.3,3.15,3.13,3.02,3.59,89.1,No,2
643,Isabel Reyes,Femenino,Grupo 2,Bajo,C,Prof. Morales,1.91,4.15,3.02,2.53,4.23,4.8,3.44,87.5,No,4
644,Ricardo Reyes,Masculino,Grupo 4,Alto,C,Prof. Pérez,2.85,2.45,2.42,4.3,2.77,4.38,3.2,88.3,No,3
645,Paula González,Otro,Grupo 3,Bajo,C,Prof. Pérez,1.91,3.92,3.64,2.11,5.0,2.35,3.16,98.7,No,4
646,Valentina Castillo,Otro,Grupo 1,Medio,D,Prof. Gómez,2.66,3.29,4.26,2.6,3.78,2.94,3.26,87.9,No,3
647,Andrés Castillo,Masculino,Grupo 4,Medio,A,Prof. Morales,3.05,2.82,2.29,3.14,3.9,4.11,3.22,94.8,No,3
648,Lucía Morales,Masculino,Grupo 3,Bajo,C,Prof. Ruiz,3.79,4.92,2.85,3.89,2.96,3.82,3.7,92.8,No,3
649,Luis González,Femenino,Grupo 3,Bajo,B,Prof. Gómez,3.14,3.5,2.73,3.13,3.41,3.8,3.28,82.3,No,5
650,Sofía Reyes,Otro,Grupo 1,Bajo,A,Prof. Gómez,3.16,3.1,4.11,3.24,3.42,3.63,3.44,92.4,No,3
651,Jorge Pérez,Otro,Grupo 1,Medio,C,Prof. Torres,3.63,2.95,3.24,3.26,4.76,4.17,3.67,77.7,No,2
652,Sofía Díaz,Masculino,Grupo 1,Medio,A,Prof. Torres,2.3,4.12,3.27,3.62,3.78,4.05,3.52,93.2,No,5
653,Elena Reyes,Femenino,Grupo 2,Medio,B,Prof. Torres,2.91,3.07,3.62,2.65,3.88,3.3,3.24,97.1,No,2
654,Valentina Ramos,Otro,Grupo 1,Medio,C,Prof. Gómez,3.15,4.03,2.89,2.84,3.87,2.66,3.24,99.0,No,4
655,Jorge Ramos,Otro,Grupo 3,Bajo,B,Prof. Ruiz,3.36,3.5,2.49,4.68,3.94,2.32,3.38,82.4,No,2
656,Andrés López,Femenino,Grupo 1,Alto,D,Prof. Pérez,3.55,4.28,4.46,3.78,2.53,3.43,3.67,85.7,No,3
657,Luis Flores,Femenino,Grupo 3,Medio,C,Prof. Torres,4.55,2.77,4.52,4.03,4.93,2.21,3.84,92.3,No,2
658,Valentina Flores,Otro,Grupo 4,Bajo,C,Prof. Ruiz,4.14,2.87,3.63,3.54,2.89,3.68,3.46,86.2,No,5
659,Pedro Martínez,Otro,Grupo 2,Alto,C,Prof. Morales,2.96,3.3,3.68,3.4,3.47,3.28,3.35,74.6,No,3
660,Andrés Ramos,Femenino,Grupo 4,Medio,C,Prof. Torres,3.32,3.36,4.38,3.82,4.57,4.86,4.05,85.7,No,3
661,Fernando Rodríguez,Otro,Grupo 4,Medio,D,Prof. Pérez,3.27,3.25,3.61,4.01,4.85,3.74,3.79,92.2,No,2
662,Laura Sánchez,Masculino,Grupo 3,Medio,C,Prof. Morales,3.14,5.0,3.21,4.09,4.06,3.48,3.83,98.5,No,3
663,Ricardo Cruz,Masculino,Grupo 4,Alto,A,Prof. Morales,3.69,4.94,3.53,3.41,3.15,2.37,3.52,100.0,No,4
664,Luis Hernández,Femenino,Grupo 3,Medio,C,Prof. Pérez,2.2,3.71,4.48,4.17,3.59,2.62,3.46,91.0,No,3
665,Pedro López,Femenino,Grupo 1,Bajo,D,Prof. Torres,4.12,3.79,3.54,1.77,3.62,3.98,3.47,94.5,No,2
666,Carlos Castillo,Femenino,Grupo 1,Bajo,C,Prof. Gómez,4.69,3.33,3.03,4.12,3.64,3.28,3.68,97.7,No,3
667,Sofía Martínez,Masculino,Grupo 3,Alto,A,Prof. Pérez,3.31,2.77,3.6,3.2,2.64,5.0,3.42,73.6,No,3
668,Andrés Pérez,Otro,Grupo 1,Bajo,D,Prof. Pérez,3.3,3.37,3.96,3.89,4.38,3.44,3.72,81.8,No,2
669,Andrés Hernández,Masculino,Grupo 2,Bajo,D,Prof. Pérez,3.61,4.04,3.88,3.05,3.59,3.62,3.63,90.8,No,2
670,Carmen García,Otro,Grupo 4,Medio,A,Prof. Morales,4.21,4.41,3.89,2.57,2.99,2.58,3.44,100.0,No,4
671,Andrés Sánchez,Masculino,Grupo 2,Medio,A,Prof. Ruiz,3.27,4.2,2.92,3.74,3.15,4.16,3.57,95.0,No,5
672,Isabel Sánchez,Otro,Grupo 4,Medio,A,Prof. Gómez,4.15,2.44,4.04,2.45,3.69,2.85,3.27,92.6,No,2
673,Ricardo Rodríguez,Masculino,Grupo 1,Alto,A,Prof. Torres,3.84,3.3,3.52,3.22,2.52,3.87,3.38,88.2,No,4
674,Jorge Ramos,Femenino,Grupo 2,Bajo,A,Prof. Torres,5.0,2.47,3.0,2.93,4.11,4.07,3.6,93.4,No,1
675,Jorge Cruz,Masculino,Grupo 1,Bajo,D,Prof. Ruiz,3.27,4.32,4.03,3.38,3.66,3.57,3.7,85.2,No,3
676,Ana Morales,Otro,Grupo 4,Bajo,D,Prof. Pérez,2.12,3.21,3.18,4.06,4.6,4.73,3.65,83.8,No,3
677,Sofía Ramírez,Masculino,Grupo 3,Alto,C,Prof. Gómez,2.5,3.47,2.4,3.16,3.55,3.07,3.03,84.5,No,2
678,Paula Ortiz,Masculino,Grupo 3,Medio,C,Prof. Torres,3.51,3.84,2.8,3.72,2.74,4.67,3.55,100.0,No,3
679,Isabel Rodríguez,Masculino,Grupo 2,Bajo,B,Prof. Torres,4.22,5.0,3.37,4.02,2.66,2.61,3.65,83.3,No,4
680,Paula Jiménez,Femenino,Grupo 1,Alto,C,Prof. Pérez,3.04,3.69,3.9,3.07,3.23,4.06,3.5,86.8,No,5
681,Lucía Ramírez,Masculino,Grupo 1,Alto,C,Prof. Ruiz,3.34,3.33,2.9,3.09,3.3,3.4,3.23,93.8,No,2
682,Juan López,Femenino,Grupo 2,Alto,A,Prof. Gómez,3.98,2.63,3.33,4.46,3.1,3.0,3.42,83.0,No,2
683,Paula López,Femenino,Grupo 3,Alto,A,Prof. Ruiz,2.82,4.52,2.65,3.44,3.59,2.34,3.23,91.8,No,5
684,José Morales,Masculino,Grupo 4,Bajo,C,Prof. Ruiz,3.07,3.37,4.19,3.86,3.09,3.32,3.48,91.8,No,2
685,Carmen Ramos,Masculino,Grupo 2,Medio,B,Prof. Gómez,2.68,4.66,4.7,3.85,3.68,3.27,3.81,85.0,No,3
686,Sofía Jiménez,Masculino,Grupo 4,Medio,A,Prof. Gómez,4.32,4.27,4.63,2.66,3.14,3.62,3.77,87.9,No,2
687,Paula García,Otro,Grupo 3,Alto,C,Prof. Torres,4.58,3.18,4.18,2.97,3.94,4.01,3.81,82.5,No,3
688,Paula Pérez,Masculino,Grupo 1,Medio,C,Prof. Torres,2.39,2.53,4.1,3.76,3.28,2.93,3.16,100.0,No,2
689,Isabel Pérez,Femenino,Grupo 3,Medio,D,Prof. Gómez,3.4,3.69,2.05,2.05,4.37,4.73,3.38,92.1,No,4
690,Carlos Sánchez,Masculino,Grupo 2,Medio,B,Prof. Morales,4.49,3.07,3.62,3.35,3.96,3.12,3.6,81.6,No,4
691,Valentina Sánchez,Otro,Grupo 1,Bajo,D,Prof. Torres,3.78,3.53,3.15,2.89,3.64,3.92,3.48,91.0,No,2
692,Jorge Martínez,Masculino,Grupo 2,Medio,B,Prof. Morales,3.16,4.23,4.12,4.28,3.35,3.56,3.78,91.4,No,4
693,Isabel Morales,Otro,Grupo 2,Alto,A,Prof. Gómez,2.42,2.34,1.72,3.74,2.44,3.36,2.67,72.1,Sí,3
694,Elena Ramos,Otro,Grupo 3,Alto,B,Prof. Torres,4.31,3.69,3.64,4.33,4.49,3.53,4.0,100.0,No,1
695,Fernando Morales,Masculino,Grupo 2,Bajo,C,Prof. Ruiz,3.75,4.03,3.35,3.47,3.02,2.84,3.41,82.1,No,4
696,Valentina Díaz,Femenino,Grupo 3,Bajo,C,Prof. Gómez,2.47,4.07,4.28,3.42,3.56,3.23,3.51,100.0,No,3
697,Jorge López,Otro,Grupo 1,Bajo,B,Prof. Pérez,4.33,2.55,4.58,3.29,3.74,2.56,3.51,96.4,No,2
698,Pedro Reyes,Masculino,Grupo 3,Medio,B,Prof. Morales,2.38,3.79,2.85,3.15,3.37,3.12,3.11,81.0,No,2
699,Paula Hernández,Masculino,Grupo 1,Alto,B,Prof. Gómez,3.35,4.34,2.88,5.0,4.45,3.17,3.86,87.5,No,5
700,Ana Sánchez,Femenino,Grupo 3,Bajo,D,Prof. Gómez,3.31,3.74,3.66,4.07,2.65,4.09,3.59,97.4,No,4
701,José Morales,Otro,Grupo 4,Medio,B,Prof. Torres,4.63,3.42,4.71,2.75,4.71,3.27,3.92,88.1,No,4
702,Ricardo Sánchez,Otro,Grupo 4,Alto,A,Prof. Torres,3.32,4.3,3.54,5.0,3.97,3.19,3.89,99.4,No,2
703,Ana Morales,Masculino,Grupo 2,Medio,D,Prof. Torres,3.31,3.01,2.6,3.22,3.33,3.65,3.19,87.0,No,4
704,Andrés Flores,Masculino,Grupo 3,Medio,D,Prof. Pérez,2.55,2.43,3.08,3.72,3.34,3.63,3.12,89.4,No,2
705,José Flores,Femenino,Grupo 3,Medio,B,Prof. Torres,3.05,3.36,3.64,4.16,1.95,3.09,3.21,97.6,No,5
706,Pedro Morales,Femenino,Grupo 1,Medio,A,Prof. Gómez,2.93,3.87,3.67,2.42,2.91,3.78,3.26,94.8,No,1
707,Paula González,Otro,Grupo 2,Bajo,D,Prof. Torres,2.96,4.23,3.01,2.92,3.25,3.37,3.29,82.6,No,3
708,Jorge García,Otro,Grupo 3,Medio,C,Prof. Ruiz,3.5,3.87,3.06,4.65,3.62,3.09,3.63,93.5,No,3
709,María Hernández,Masculino,Grupo 2,Medio,D,Prof. Torres,1.8,4.09,2.81,3.34,4.38,3.15,3.26,91.3,No,4
710,Miguel Morales,Otro,Grupo 4,Alto,B,Prof. Pérez,2.44,4.23,4.3,4.2,4.93,4.16,4.04,82.7,No,4
711,Pedro Castillo,Femenino,Grupo 3,Medio,A,Prof. Ruiz,3.42,3.26,2.92,3.18,3.69,3.17,3.27,78.9,No,3
712,Sofía Hernández,Femenino,Grupo 3,Medio,B,Prof. Gómez,3.58,3.4,3.17,3.43,3.64,3.68,3.48,74.5,No,3
713,Isabel Martínez,Masculino,Grupo 2,Bajo,C,Prof. Gómez,3.34,4.4,3.15,4.75,3.16,2.6,3.57,87.6,No,4
714,José Pérez,Femenino,Grupo 3,Medio,C,Prof. Morales,3.47,2.65,2.38,3.81,2.3,4.28,3.15,89.6,No,1
715,Sofía González,Femenino,Grupo 2,Bajo,C,Prof. Ruiz,3.21,3.8,2.9,3.26,3.08,3.09,3.22,94.0,No,4
716,Jorge Martínez,Femenino,Grupo 3,Bajo,B,Prof. Morales,3.49,3.0,4.36,3.02,3.36,3.78,3.5,96.6,No,5
717,Paula Ortiz,Femenino,Grupo 1,Medio,D,Prof. Ruiz,3.8,4.27,2.65,3.09,4.18,3.32,3.55,86.7,No,1
718,Luis Reyes,Masculino,Grupo 2,Alto,B,Prof. Ruiz,3.8,3.49,2.83,4.37,3.86,3.77,3.69,89.3,No,1
719,María Cruz,Masculino,Grupo 3,Bajo,A,Prof. Pérez,3.02,3.51,2.57,4.04,3.66,3.81,3.44,83.9,No,3
720,Jorge García,Otro,Grupo 4,Medio,D,Prof. Morales,4.14,4.71,3.44,2.7,3.09,3.4,3.58,90.7,No,1
721,Lucía Sánchez,Femenino,Grupo 3,Alto,C,Prof. Pérez,3.61,2.75,4.82,3.56,2.11,2.19,3.17,97.7,No,3
722,Ricardo Flores,Otro,Grupo 4,Bajo,B,Prof. Ruiz,4.36,3.65,3.41,3.45,2.15,4.26,3.55,90.8,No,4
723,José López,Masculino,Grupo 4,Medio,C,Prof. Gómez,4.5,3.37,3.55,3.72,2.34,3.4,3.48,99.3,No,3
724,María Jiménez,Masculino,Grupo 1,Medio,C,Prof. Ruiz,2.49,3.87,2.94,3.08,3.3,3.76,3.24,97.6,No,2
725,Sofía Castillo,Masculino,Grupo 2,Medio,A,Prof. Pérez,2.9,4.85,3.46,4.27,4.2,3.98,3.94,100.0,No,3
726,Carlos Torres,Masculino,Grupo 3,Bajo,D,Prof. Morales,4.07,3.08,4.36,3.5,4.18,3.18,3.73,91.0,No,3
727,Pedro Hernández,Masculino,Grupo 1,Bajo,A,Prof. Morales,2.33,2.66,3.6,3.76,4.06,3.86,3.38,85.7,No,5
728,Valentina Castillo,Masculino,Grupo 3,Medio,A,Prof. Pérez,4.49,2.93,4.99,2.95,3.14,2.98,3.58,95.0,No,2
729,Jorge Jiménez,Masculino,Grupo 4,Medio,A,Prof. Morales,3.26,3.34,4.38,2.99,4.3,3.77,3.67,87.0,No,3
730,Andrés Flores,Femenino,Grupo 2,Bajo,C,Prof. Torres,3.9,3.54,3.44,5.0,2.85,3.51,3.71,94.7,No,5
731,María Morales,Otro,Grupo 3,Medio,A,Prof. Gómez,3.42,3.58,3.43,4.76,4.1,3.2,3.75,84.7,No,3
732,Lucía Martínez,Masculino,Grupo 3,Bajo,A,Prof. Gómez,2.53,4.76,4.64,3.45,2.33,3.53,3.54,83.4,No,3
733,Elena Hernández,Femenino,Grupo 4,Medio,D,Prof. Gómez,4.24,4.64,3.6,4.57,2.68,2.76,3.75,99.7,No,2
734,Juan Martínez,Femenino,Grupo 3,Bajo,D,Prof. Morales,5.0,4.41,4.49,4.35,4.66,3.72,4.44,81.9,No,4
735,Fernando González,Otro,Grupo 3,Alto,A,Prof. Morales,3.14,5.0,4.9,3.06,3.36,3.79,3.88,98.2,No,3
736,Andrés Reyes,Masculino,Grupo 4,Bajo,D,Prof. Ruiz,3.27,4.08,3.36,2.99,3.02,3.74,3.41,94.7,No,5
737,Ana Rivera,Otro,Grupo 1,Bajo,D,Prof. Ruiz,1.65,4.28,3.75,3.97,4.27,4.55,3.75,90.8,No,4
738,Pedro Rodríguez,Masculino,Grupo 4,Bajo,A,Prof. Gómez,4.45,4.06,4.19,3.68,4.35,3.43,4.03,74.9,No,3
739,Valentina Morales,Femenino,Grupo 1,Bajo,C,Prof. Torres,4.14,3.95,4.04,3.22,3.2,3.48,3.67,100.0,No,3
740,Jorge Jiménez,Femenino,Grupo 2,Alto,A,Prof. Ruiz,2.29,3.78,4.03,4.0,3.69,2.68,3.41,82.5,No,1
741,Valentina González,Femenino,Grupo 1,Alto,D,Prof. Ruiz,2.05,3.22,2.57,2.49,3.6,4.6,3.09,97.6,No,2
742,Lucía Flores,Femenino,Grupo 1,Bajo,C,Prof. Morales,2.14,2.63,2.91,3.58,1.52,2.45,2.54,84.5,Sí,4
743,Laura Hernández,Otro,Grupo 2,Medio,B,Prof. Torres,3.95,3.41,3.15,2.63,2.52,3.66,3.22,83.8,No,3
744,Paula Ramos,Masculino,Grupo 1,Medio,C,Prof. Gómez,4.02,3.9,4.35,2.66,4.16,3.07,3.69,95.3,No,3
745,Ricardo Pérez,Masculino,Grupo 4,Alto,D,Prof. Ruiz,2.85,3.55,2.64,3.01,2.92,3.54,3.09,94.3,No,4
746,Ana Pérez,Otro,Grupo 1,Medio,C,Prof. Torres,3.85,2.75,4.57,3.75,3.87,2.58,3.56,80.8,No,2
747,Isabel Pérez,Masculino,Grupo 2,Bajo,A,Prof. Torres,3.61,3.38,4.05,3.03,3.68,4.12,3.64,100.0,No,3
748,María García,Femenino,Grupo 4,Medio,B,Prof. Gómez,3.24,3.35,4.31,2.65,4.35,2.83,3.45,88.4,No,3
749,Carlos Morales,Masculino,Grupo 2,Medio,B,Prof. Torres,4.18,3.46,2.85,3.83,2.55,4.32,3.53,90.6,No,3
750,Lucía Sánchez,Femenino,Grupo 2,Bajo,B,Prof. Torres,2.66,3.84,3.55,4.54,3.78,2.85,3.54,87.6,No,5
751,Carlos García,Otro,Grupo 3,Medio,D,Prof. Torres,4.3,3.99,3.71,3.95,3.45,4.18,3.93,81.2,No,3
752,Juan López,Masculino,Grupo 3,Bajo,D,Prof. Ruiz,2.99,3.15,3.68,4.76,2.95,2.92,3.41,95.9,No,3
753,Fernando Cruz,Otro,Grupo 2,Medio,B,Prof. Gómez,4.75,4.19,3.71,4.49,2.94,3.07,3.86,92.3,No,3
754,Luis López,Masculino,Grupo 2,Bajo,C,Prof. Torres,2.8,4.29,3.31,3.16,3.66,3.5,3.45,83.6,No,2
755,Andrés Torres,Femenino,Grupo 2,Medio,B,Prof. Torres,3.25,3.72,3.59,3.94,3.94,2.91,3.56,97.6,No,3
756,Carlos Ramírez,Otro,Grupo 3,Medio,C,Prof. Ruiz,3.54,3.97,4.22,3.44,3.54,2.89,3.6,90.4,No,3
757,Lucía Ramírez,Masculino,Grupo 3,Medio,C,Prof. Gómez,3.54,4.19,2.68,4.24,3.57,2.91,3.52,90.6,No,5
758,Paula Ortiz,Femenino,Grupo 1,Bajo,D,Prof. Morales,3.84,2.73,4.58,3.44,3.15,3.72,3.58,100.0,No,4
759,Valentina Morales,Otro,Grupo 1,Medio,C,Prof. Ruiz,2.6,4.24,4.19,2.95,3.2,3.5,3.45,77.1,No,3
760,Isabel García,Otro,Grupo 2,Medio,B,Prof. Gómez,3.47,2.95,2.82,4.46,2.95,3.54,3.36,77.0,No,3
761,Paula Sánchez,Masculino,Grupo 4,Medio,D,Prof. Torres,3.6,3.02,3.77,3.72,3.14,3.27,3.42,78.8,No,1
762,Juan Rodríguez,Masculino,Grupo 4,Medio,A,Prof. Gómez,3.13,3.64,4.13,3.04,3.92,3.88,3.62,92.9,No,2
763,Laura Sánchez,Masculino,Grupo 3,Medio,A,Prof. Gómez,3.78,2.0,2.64,3.15,3.99,4.24,3.3,87.1,No,3
764,Carlos Pérez,Femenino,Grupo 3,Alto,D,Prof. Gómez,2.56,3.62,3.53,3.03,2.61,3.9,3.21,87.8,No,3
765,Luis Sánchez,Masculino,Grupo 3,Bajo,B,Prof. Morales,3.27,4.19,3.45,2.8,2.87,3.35,3.32,82.5,No,2
766,Paula Ortiz,Otro,Grupo 2,Alto,A,Prof. Gómez,2.97,2.35,3.05,3.17,3.0,2.65,2.86,100.0,Sí,3
767,Sofía González,Otro,Grupo 4,Medio,A,Prof. Morales,3.27,4.26,3.56,3.76,3.46,2.12,3.4,100.0,No,4
768,Andrés Jiménez,Masculino,Grupo 1,Bajo,C,Prof. Torres,4.51,3.01,3.08,3.54,2.32,3.45,3.32,97.2,No,2
769,Jorge Flores,Masculino,Grupo 2,Bajo,C,Prof. Morales,4.53,3.64,4.46,3.19,2.88,2.1,3.47,77.9,No,4
770,Ana Martínez,Otro,Grupo 1,Bajo,B,Prof. Torres,4.39,3.11,3.06,4.55,2.53,3.36,3.5,86.1,No,2
771,Sofía Ortiz,Femenino,Grupo 1,Medio,D,Prof. Torres,3.18,3.9,4.05,2.09,3.78,4.48,3.58,96.6,No,3
772,Juan Hernández,Masculino,Grupo 2,Medio,B,Prof. Morales,4.14,4.22,2.34,3.71,3.48,2.69,3.43,89.6,No,4
773,Pedro Ramírez,Masculino,Grupo 1,Medio,D,Prof. Ruiz,3.58,3.95,3.39,3.4,3.18,2.6,3.35,97.2,No,3
774,María Ramírez,Otro,Grupo 4,Medio,A,Prof. Pérez,3.53,3.5,3.51,2.82,2.76,3.95,3.34,100.0,No,5
775,Paula López,Masculino,Grupo 1,Medio,C,Prof. Gómez,3.45,3.17,3.36,3.76,3.19,1.54,3.08,100.0,No,1
776,Ricardo Rivera,Femenino,Grupo 4,Bajo,B,Prof. Pérez,4.73,3.45,3.22,3.35,3.1,3.77,3.6,84.8,No,3
777,José Hernández,Otro,Grupo 4,Bajo,B,Prof. Gómez,4.46,3.96,3.03,4.37,4.64,4.53,4.16,90.7,No,3
778,Elena Cruz,Masculino,Grupo 4,Medio,D,Prof. Gómez,4.02,3.98,4.03,4.11,4.2,2.89,3.87,86.5,No,3
779,Lucía Torres,Otro,Grupo 3,Bajo,D,Prof. Torres,3.38,3.89,4.2,4.83,3.02,2.77,3.68,74.0,No,4
780,Sofía Ramos,Masculino,Grupo 1,Bajo,B,Prof. Gómez,3.53,2.6,3.44,3.16,3.62,3.91,3.38,95.6,No,4
781,Luis Jiménez,Masculino,Grupo 2,Medio,D,Prof. Gómez,3.87,3.48,2.73,4.48,4.16,2.68,3.57,94.5,No,4
782,Carmen Reyes,Masculino,Grupo 2,Medio,B,Prof. Morales,3.13,3.06,4.76,2.68,3.02,4.07,3.45,85.6,No,2
783,Ricardo Flores,Femenino,Grupo 1,Alto,B,Prof. Pérez,4.16,3.97,2.88,3.42,2.51,2.74,3.28,77.2,No,3
784,Elena Ramírez,Femenino,Grupo 3,Alto,B,Prof. Morales,2.86,2.96,2.48,3.17,2.24,4.74,3.08,86.9,No,3
785,Valentina Torres,Otro,Grupo 3,Medio,A,Prof. Gómez,3.77,3.82,2.09,3.92,4.39,3.96,3.66,95.8,No,3
786,Miguel Jiménez,Masculino,Grupo 4,Medio,D,Prof. Torres,1.9,3.3,3.57,3.9,3.37,3.53,3.26,100.0,No,5
787,Carlos Ramírez,Masculino,Grupo 1,Medio,C,Prof. Morales,3.11,2.18,3.35,2.87,3.7,4.7,3.32,84.3,No,2
788,Juan Sánchez,Femenino,Grupo 1,Medio,C,Prof. Morales,4.95,4.15,4.22,3.96,3.1,4.22,4.1,98.9,No,3
789,Carmen Pérez,Masculino,Grupo 2,Bajo,D,Prof. Ruiz,4.23,3.48,3.93,3.23,2.61,3.76,3.54,95.0,No,3
790,Fernando Ramos,Femenino,Grupo 1,Medio,B,Prof. Gómez,4.57,4.39,3.7,2.93,2.74,2.2,3.42,93.3,No,4
791,José Cruz,Masculino,Grupo 3,Alto,C,Prof. Torres,3.03,2.33,3.31,3.49,2.56,3.01,2.96,79.7,Sí,5
792,Carmen Rivera,Otro,Grupo 1,Bajo,C,Prof. Morales,3.57,3.3,4.28,2.47,4.09,4.26,3.66,80.0,No,3
793,Sofía Martínez,Masculino,Grupo 2,Medio,D,Prof. Morales,4.4,3.35,4.81,4.15,4.54,2.59,3.97,83.4,No,1
794,Fernando González,Masculino,Grupo 4,Medio,C,Prof. Torres,3.94,3.69,4.21,3.46,3.53,2.96,3.63,87.4,No,3
795,José Díaz,Femenino,Grupo 2,Bajo,B,Prof. Gómez,3.86,2.57,3.18,3.48,2.44,2.78,3.05,100.0,No,3
796,Carlos Ramos,Masculino,Grupo 2,Bajo,D,Prof. Ruiz,4.64,3.88,4.05,3.44,3.85,3.78,3.94,84.7,No,5
797,Carlos Jiménez,Masculino,Grupo 4,Bajo,B,Prof. Morales,2.77,4.84,3.22,4.65,4.39,4.17,4.01,96.2,No,3
798,Miguel Cruz,Femenino,Grupo 2,Bajo,C,Prof. Ruiz,3.37,3.83,2.73,4.56,4.18,4.18,3.81,86.3,No,3
799,Valentina Ramos,Otro,Grupo 2,Bajo,C,Prof. Pérez,2.27,3.57,2.87,4.45,3.48,2.9,3.26,93.8,No,3
800,Sofía Flores,Otro,Grupo 1,Alto,B,Prof. Gómez,2.73,2.54,3.25,3.44,3.34,3.77,3.18,89.5,No,3
801,Valentina López,Femenino,Grupo 1,Bajo,A,Prof. Pérez,4.25,2.96,3.57,2.72,3.47,2.87,3.31,91.4,No,4
802,Carmen García,Femenino,Grupo 4,Medio,C,Prof. Pérez,2.86,3.46,4.94,3.49,4.36,3.35,3.74,93.0,No,1
803,Fernando Díaz,Femenino,Grupo 1,Bajo,A,Prof. Pérez,4.01,3.13,2.88,3.72,4.03,3.86,3.6,88.0,No,3
804,Isabel Ramos,Femenino,Grupo 1,Alto,C,Prof. Gómez,4.66,4.22,4.43,4.07,3.23,4.24,4.14,93.0,No,5
805,Paula García,Femenino,Grupo 2,Bajo,A,Prof. Gómez,3.38,3.87,3.28,3.72,3.21,2.0,3.24,99.9,No,2
806,Juan Rodríguez,Otro,Grupo 3,Medio,A,Prof. Torres,3.86,5.0,2.09,2.78,3.16,3.57,3.41,84.0,No,4
807,Luis Jiménez,Otro,Grupo 1,Alto,A,Prof. Ruiz,4.02,2.81,3.15,3.13,2.75,4.49,3.39,99.5,No,3
808,Lucía Pérez,Femenino,Grupo 3,Alto,B,Prof. Ruiz,2.64,3.52,4.32,3.06,4.45,3.66,3.61,87.9,No,3
809,Ana Torres,Masculino,Grupo 1,Bajo,A,Prof. Torres,3.07,2.53,3.74,3.88,2.95,3.56,3.29,87.0,No,1
810,Juan Torres,Femenino,Grupo 1,Alto,A,Prof. Torres,2.8,1.94,3.78,3.89,3.84,3.11,3.23,95.6,No,3
811,Luis Díaz,Masculino,Grupo 4,Medio,A,Prof. Pérez,3.12,4.01,4.43,3.99,3.04,4.47,3.84,87.3,No,3
812,Ricardo Castillo,Femenino,Grupo 4,Medio,C,Prof. Torres,4.0,3.85,2.77,3.71,3.17,3.14,3.44,92.6,No,2
813,Isabel Jiménez,Femenino,Grupo 4,Bajo,A,Prof. Morales,3.08,2.9,2.76,2.06,3.42,3.43,2.94,91.8,Sí,3
814,Elena Ramírez,Otro,Grupo 3,Bajo,C,Prof. Ruiz,3.48,3.57,1.92,2.29,3.88,3.17,3.05,73.3,No,2
815,Luis Hernández,Masculino,Grupo 2,Medio,A,Prof. Torres,2.77,3.06,4.11,3.4,3.32,3.58,3.37,93.3,No,3
816,Carmen Rodríguez,Masculino,Grupo 1,Medio,A,Prof. Morales,4.36,3.15,3.89,3.57,2.7,4.5,3.7,78.5,No,5
817,José Cruz,Otro,Grupo 1,Medio,B,Prof. Morales,3.12,3.28,4.01,4.38,3.51,2.87,3.53,79.1,No,1
818,Andrés García,Otro,Grupo 1,Medio,C,Prof. Morales,4.57,2.87,2.67,3.55,2.96,3.58,3.37,92.9,No,2
819,Pedro Ramos,Otro,Grupo 3,Medio,A,Prof. Morales,3.54,3.0,2.38,2.82,4.58,3.77,3.35,94.3,No,4
820,Ricardo Martínez,Otro,Grupo 4,Bajo,C,Prof. Pérez,2.52,3.02,2.58,3.96,3.32,2.93,3.06,99.6,No,3
821,Sofía Martínez,Masculino,Grupo 2,Medio,C,Prof. Morales,3.38,3.8,2.85,3.49,3.03,3.46,3.34,81.3,No,1
822,Carmen Morales,Masculino,Grupo 3,Bajo,D,Prof. Pérez,2.76,1.56,4.59,3.22,4.88,4.8,3.64,84.1,No,3
823,Fernando Ramírez,Femenino,Grupo 4,Medio,B,Prof. Pérez,3.91,3.34,4.2,2.37,4.02,2.26,3.35,93.7,No,2
824,Juan García,Femenino,Grupo 3,Medio,B,Prof. Morales,3.32,2.74,3.18,3.56,2.87,3.21,3.15,99.8,No,2
825,Isabel González,Otro,Grupo 2,Alto,B,Prof. Ruiz,3.61,2.76,3.71,3.66,2.95,3.68,3.39,91.5,No,5
826,Fernando Castillo,Otro,Grupo 4,Bajo,D,Prof. Morales,3.24,3.13,3.03,2.8,3.83,3.24,3.21,83.0,No,4
827,Juan Castillo,Otro,Grupo 3,Bajo,D,Prof. Morales,3.11,3.49,3.75,4.02,3.53,5.0,3.82,100.0,No,3
828,Juan Flores,Femenino,Grupo 2,Bajo,B,Prof. Morales,2.82,3.35,2.7,3.96,4.12,3.88,3.47,87.9,No,2
829,Valentina Torres,Femenino,Grupo 1,Bajo,D,Prof. Ruiz,4.09,2.76,4.03,3.53,3.04,2.77,3.37,88.2,No,2
830,Ana Rivera,Femenino,Grupo 2,Bajo,D,Prof. Gómez,3.38,4.01,2.91,3.51,3.99,1.86,3.28,78.5,No,4
831,Fernando Morales,Femenino,Grupo 1,Alto,D,Prof. Gómez,3.28,2.87,4.06,4.16,1.93,3.74,3.34,95.8,No,1
832,Miguel Reyes,Femenino,Grupo 3,Bajo,B,Prof. Pérez,3.36,2.99,3.2,3.76,3.39,2.97,3.28,96.8,No,3
833,Lucía Rivera,Femenino,Grupo 4,Bajo,B,Prof. Pérez,3.02,3.7,2.95,3.01,3.07,4.4,3.36,84.4,No,2
834,Laura López,Femenino,Grupo 4,Medio,B,Prof. Ruiz,3.28,3.72,4.63,3.36,3.18,3.31,3.58,100.0,No,3
835,Fernando González,Otro,Grupo 3,Medio,D,Prof. Torres,3.64,3.07,3.62,3.89,3.43,3.1,3.46,85.3,No,2
836,Miguel Rivera,Otro,Grupo 4,Medio,B,Prof. Gómez,2.78,1.44,3.27,2.08,4.3,3.09,2.83,95.0,Sí,3
837,José Ramírez,Otro,Grupo 4,Bajo,D,Prof. Pérez,2.88,2.88,4.03,2.85,2.69,4.19,3.25,91.8,No,4
838,Valentina Ramírez,Otro,Grupo 1,Medio,A,Prof. Gómez,4.46,3.61,2.56,3.98,1.97,3.79,3.4,73.8,No,3
839,Pedro García,Femenino,Grupo 3,Bajo,D,Prof. Ruiz,3.25,3.98,4.27,4.35,2.77,4.73,3.89,94.4,No,2
840,Juan Rivera,Masculino,Grupo 2,Bajo,C,Prof. Ruiz,3.11,3.44,3.4,4.21,4.22,3.35,3.62,93.6,No,4
841,Isabel Rodríguez,Femenino,Grupo 1,Alto,B,Prof. Torres,2.56,3.16,3.92,4.13,2.35,4.1,3.37,75.9,No,2
842,Laura González,Masculino,Grupo 3,Bajo,B,Prof. Torres,4.1,5.0,2.42,3.59,3.1,4.12,3.72,100.0,No,3
843,Sofía Ortiz,Otro,Grupo 1,Medio,C,Prof. Ruiz,2.76,3.24,3.23,2.78,4.09,3.97,3.34,93.7,No,3
844,Elena Sánchez,Femenino,Grupo 2,Medio,D,Prof. Pérez,3.49,3.93,3.5,3.36,3.46,3.14,3.48,99.9,No,2
845,María Ramos,Otro,Grupo 2,Bajo,A,Prof. Gómez,2.3,2.57,4.22,2.1,4.29,3.83,3.22,76.3,No,3
846,María Rivera,Femenino,Grupo 3,Alto,C,Prof. Morales,4.07,2.74,3.98,4.41,2.08,3.43,3.45,86.7,No,4
847,Fernando Pérez,Otro,Grupo 2,Bajo,C,Prof. Torres,4.32,3.95,3.23,2.93,3.27,3.41,3.52,99.4,No,5
848,Valentina Sánchez,Masculino,Grupo 1,Medio,D,Prof. Morales,3.84,4.23,3.72,3.13,4.44,2.94,3.72,77.5,No,3
849,Luis Rodríguez,Masculino,Grupo 2,Alto,B,Prof. Pérez,2.43,3.23,4.38,4.24,2.71,2.02,3.17,87.0,No,1
850,Isabel Flores,Masculino,Grupo 1,Medio,D,Prof. Torres,4.09,2.21,3.36,2.37,4.22,4.37,3.44,93.3,No,3
851,Pedro González,Femenino,Grupo 1,Alto,C,Prof. Morales,2.92,3.38,3.28,2.67,3.34,3.8,3.23,74.8,No,3
852,Miguel García,Masculino,Grupo 2,Bajo,C,Prof. Pérez,2.68,3.63,2.18,3.69,3.8,2.56,3.09,79.4,No,3
853,Miguel Flores,Femenino,Grupo 3,Medio,B,Prof. Gómez,3.23,3.57,3.3,3.86,4.39,4.0,3.72,100.0,No,3
854,Valentina Cruz,Masculino,Grupo 4,Bajo,B,Prof. Pérez,3.22,3.11,2.28,3.45,3.8,4.39,3.38,90.5,No,3
855,Carmen Ortiz,Masculino,Grupo 2,Medio,B,Prof. Torres,3.15,3.39,3.42,3.47,3.09,4.04,3.43,99.4,No,2
856,Luis Ramos,Femenino,Grupo 1,Alto,D,Prof. Ruiz,4.39,2.98,4.19,4.39,3.89,2.88,3.79,91.5,No,2
857,José Morales,Femenino,Grupo 1,Bajo,B,Prof. Gómez,4.91,2.72,2.02,3.95,3.04,2.99,3.27,100.0,No,3
858,José García,Masculino,Grupo 2,Medio,C,Prof. Morales,2.54,4.03,4.36,3.85,3.69,3.12,3.6,93.5,No,3
859,José Sánchez,Femenino,Grupo 3,Bajo,C,Prof. Torres,3.02,3.57,3.27,4.04,2.62,4.1,3.44,100.0,No,5
860,María Hernández,Masculino,Grupo 3,Medio,A,Prof. Ruiz,3.6,3.39,3.48,3.29,3.52,3.84,3.52,88.0,No,3
861,Carmen Reyes,Femenino,Grupo 1,Medio,D,Prof. Pérez,3.23,3.14,3.15,5.0,4.33,5.0,3.98,91.7,No,4
862,Carmen González,Otro,Grupo 1,Alto,A,Prof. Ruiz,3.78,3.37,2.3,1.88,3.29,2.35,2.83,95.1,Sí,4
863,Fernando Morales,Otro,Grupo 3,Medio,C,Prof. Torres,4.14,3.61,2.95,4.52,4.27,3.46,3.82,96.5,No,4
864,Andrés Cruz,Otro,Grupo 4,Bajo,A,Prof. Torres,4.02,4.71,4.97,4.13,5.0,2.15,4.16,89.7,No,1
865,Juan Martínez,Otro,Grupo 2,Bajo,C,Prof. Ruiz,3.93,3.96,2.73,3.67,3.48,3.92,3.62,90.0,No,5
866,Juan Sánchez,Otro,Grupo 1,Bajo,A,Prof. Pérez,4.66,3.03,2.39,3.56,3.93,4.25,3.64,94.0,No,2
867,Paula Sánchez,Masculino,Grupo 1,Bajo,B,Prof. Ruiz,2.39,3.04,3.6,3.39,3.83,4.51,3.46,94.0,No,1
868,Carlos Flores,Otro,Grupo 3,Bajo,A,Prof. Torres,4.54,2.93,3.44,4.27,3.66,3.63,3.74,81.8,No,3
869,Ana Pérez,Otro,Grupo 2,Alto,B,Prof. Torres,3.21,3.36,3.27,3.47,4.05,2.16,3.25,91.8,No,2
870,Paula Pérez,Otro,Grupo 3,Medio,B,Prof. Morales,4.05,2.93,3.51,2.99,3.33,3.46,3.38,92.6,No,2
871,Fernando Ortiz,Otro,Grupo 2,Medio,D,Prof. Morales,2.78,3.83,3.95,4.13,3.04,3.81,3.59,82.2,No,2
872,Jorge Hernández,Femenino,Grupo 2,Bajo,B,Prof. Gómez,2.86,1.65,3.09,4.61,2.43,2.8,2.91,97.2,Sí,2
873,María Díaz,Masculino,Grupo 2,Alto,B,Prof. Torres,3.96,3.87,3.64,2.15,3.26,3.31,3.36,93.3,No,3
874,Carmen Morales,Otro,Grupo 1,Medio,A,Prof. Morales,2.15,3.69,4.22,5.0,4.13,2.61,3.63,100.0,No,2
875,José Pérez,Otro,Grupo 4,Bajo,C,Prof. Ruiz,4.19,4.38,2.8,2.77,2.84,3.07,3.34,89.8,No,3
876,Miguel Morales,Otro,Grupo 3,Medio,D,Prof. Pérez,4.38,4.11,1.87,2.83,3.67,4.14,3.5,99.1,No,5
877,Laura Jiménez,Masculino,Grupo 4,Medio,B,Prof. Ruiz,3.62,3.02,3.97,2.63,3.41,3.98,3.44,94.3,No,3
878,Pedro Torres,Femenino,Grupo 3,Bajo,D,Prof. Pérez,3.6,4.04,5.0,3.5,3.07,2.52,3.62,100.0,No,3
879,Andrés Rodríguez,Masculino,Grupo 2,Medio,A,Prof. Morales,2.92,3.38,3.49,2.6,2.2,3.01,2.93,82.2,Sí,5
880,Andrés Castillo,Femenino,Grupo 1,Medio,B,Prof. Gómez,3.97,2.15,3.64,2.69,4.45,3.54,3.41,86.0,No,2
881,Pedro García,Otro,Grupo 4,Bajo,A,Prof. Ruiz,3.74,3.61,3.29,3.02,3.86,3.66,3.53,82.5,No,3
882,Luis Torres,Otro,Grupo 1,Alto,D,Prof. Ruiz,2.85,3.06,4.61,3.6,5.0,3.04,3.69,89.4,No,4
883,Jorge Ramírez,Masculino,Grupo 3,Alto,A,Prof. Ruiz,3.23,3.5,3.45,3.66,4.26,3.83,3.66,81.0,No,5
884,Sofía Sánchez,Masculino,Grupo 1,Medio,D,Prof. Pérez,3.39,4.66,3.37,4.37,4.44,3.48,3.95,77.8,No,3
885,Carmen Castillo,Femenino,Grupo 1,Medio,A,Prof. Morales,3.23,3.66,4.14,4.35,2.28,1.7,3.23,72.9,No,2
886,Valentina García,Femenino,Grupo 4,Medio,D,Prof. Ruiz,2.55,2.79,3.16,4.22,2.26,3.1,3.01,72.4,No,5
887,Carmen Ramírez,Masculino,Grupo 2,Medio,C,Prof. Ruiz,3.99,4.18,2.6,3.32,3.53,3.08,3.45,95.3,No,2
888,Laura González,Femenino,Grupo 1,Medio,A,Prof. Gómez,3.33,3.75,4.12,2.21,2.7,3.97,3.35,86.4,No,3
889,Pedro González,Masculino,Grupo 2,Bajo,A,Prof. Gómez,3.51,2.71,3.09,2.2,3.02,3.99,3.09,80.1,No,3
890,Andrés Díaz,Femenino,Grupo 3,Medio,C,Prof. Morales,3.1,2.38,2.82,4.21,5.0,2.33,3.31,84.7,No,3
891,Valentina Jiménez,Masculino,Grupo 1,Alto,C,Prof. Morales,3.83,2.82,4.97,4.09,4.33,3.81,3.97,85.8,No,4
892,Fernando Díaz,Masculino,Grupo 4,Medio,A,Prof. Torres,3.64,4.09,3.37,3.07,2.85,3.45,3.41,82.3,No,4
893,María Castillo,Masculino,Grupo 3,Bajo,C,Prof. Gómez,4.35,3.29,3.85,2.49,1.84,3.59,3.24,100.0,No,4
894,Valentina López,Femenino,Grupo 3,Medio,B,Prof. Torres,3.84,3.56,3.52,2.77,2.79,3.07,3.26,100.0,No,1
895,Luis Díaz,Femenino,Grupo 4,Bajo,D,Prof. Pérez,3.36,2.56,2.88,3.62,3.11,3.46,3.17,100.0,No,3
896,Andrés Martínez,Femenino,Grupo 1,Bajo,D,Prof. Torres,2.98,4.1,3.98,3.62,3.28,4.31,3.71,91.4,No,4
897,Andrés Castillo,Masculino,Grupo 1,Bajo,D,Prof. Ruiz,4.11,2.09,3.72,4.23,2.6,3.58,3.39,92.2,No,3
898,José Castillo,Femenino,Grupo 3,Bajo,B,Prof. Torres,3.3,3.04,3.04,3.18,4.29,3.47,3.39,84.8,No,5
899,Elena Díaz,Femenino,Grupo 1,Medio,C,Prof. Morales,3.38,3.79,3.8,3.33,3.0,3.16,3.41,83.2,No,4
900,José Torres,Masculino,Grupo 2,Medio,C,Prof. Pérez,3.38,2.71,3.14,4.29,3.95,4.24,3.62,90.2,No,3
901,Sofía López,Otro,Grupo 4,Bajo,A,Prof. Ruiz,3.22,3.93,2.73,2.01,3.54,2.6,3.01,95.2,No,1
902,María Hernández,Masculino,Grupo 2,Alto,C,Prof. Torres,3.39,2.89,2.66,3.72,4.16,2.94,3.29,99.6,No,3
903,María Reyes,Femenino,Grupo 1,Alto,A,Prof. Pérez,4.85,2.64,3.69,3.27,3.33,2.56,3.39,85.6,No,5
904,Pedro Ortiz,Masculino,Grupo 3,Alto,B,Prof. Pérez,2.77,4.4,3.23,4.0,2.85,3.64,3.48,80.0,No,3
905,Fernando Flores,Otro,Grupo 4,Bajo,D,Prof. Ruiz,2.93,3.61,4.55,3.86,3.08,4.33,3.73,95.9,No,4
906,Andrés Torres,Masculino,Grupo 1,Medio,D,Prof. Torres,4.47,3.86,3.47,3.01,3.09,3.27,3.53,75.5,No,3
907,María Hernández,Femenino,Grupo 1,Alto,D,Prof. Pérez,3.24,4.21,2.95,3.14,4.95,2.75,3.54,89.7,No,3
908,Paula Ramos,Otro,Grupo 3,Medio,C,Prof. Pérez,3.18,1.67,3.61,1.89,3.55,4.65,3.09,90.7,No,3
909,Ricardo Ramírez,Femenino,Grupo 3,Bajo,A,Prof. Gómez,4.22,3.94,2.59,4.02,3.5,3.82,3.68,87.0,No,3
910,José Ramos,Otro,Grupo 2,Bajo,A,Prof. Pérez,2.51,2.97,3.44,3.67,4.12,3.69,3.4,77.6,No,4
911,Luis Cruz,Otro,Grupo 4,Medio,B,Prof. Gómez,4.08,3.06,3.72,4.48,3.5,3.37,3.7,87.1,No,2
912,Paula Cruz,Masculino,Grupo 4,Alto,C,Prof. Torres,3.53,3.81,3.64,3.22,4.29,3.97,3.74,100.0,No,2
913,Miguel Cruz,Masculino,Grupo 3,Medio,B,Prof. Torres,3.83,3.25,4.41,4.14,3.24,3.68,3.76,94.7,No,4
914,Fernando Rodríguez,Femenino,Grupo 2,Medio,A,Prof. Torres,3.81,3.92,5.0,2.75,3.17,3.16,3.64,99.3,No,2
915,José Cruz,Masculino,Grupo 4,Bajo,A,Prof. Morales,3.06,3.47,3.97,1.61,2.81,3.28,3.03,80.3,No,3
916,Fernando Rivera,Masculino,Grupo 3,Medio,D,Prof. Torres,4.24,3.62,4.33,3.43,4.8,2.79,3.87,92.0,No,1
917,Juan Morales,Otro,Grupo 1,Alto,C,Prof. Pérez,3.11,3.16,5.0,3.1,3.45,2.7,3.42,90.7,No,2
918,Jorge López,Masculino,Grupo 4,Bajo,A,Prof. Ruiz,3.79,2.75,2.8,2.76,2.68,3.29,3.01,90.9,No,3
919,Fernando González,Otro,Grupo 2,Medio,D,Prof. Gómez,4.37,2.98,3.59,4.13,3.64,4.31,3.84,94.4,No,4
920,Laura Ramírez,Otro,Grupo 2,Alto,C,Prof. Morales,4.47,3.43,3.17,4.35,3.04,2.78,3.54,91.2,No,2
921,Ricardo Ramírez,Otro,Grupo 2,Bajo,B,Prof. Torres,3.31,4.79,4.09,3.57,3.23,4.09,3.85,80.5,No,2
922,Ana Rivera,Femenino,Grupo 1,Medio,C,Prof. Torres,3.82,4.53,3.69,3.37,3.72,2.94,3.68,94.9,No,1
923,Valentina Morales,Femenino,Grupo 4,Bajo,C,Prof. Ruiz,3.25,3.04,2.93,3.54,4.56,2.25,3.26,96.7,No,3
924,Ana López,Femenino,Grupo 4,Medio,A,Prof. Ruiz,5.0,3.54,3.51,3.04,3.57,3.88,3.76,100.0,No,2
925,Andrés Reyes,Otro,Grupo 1,Medio,A,Prof. Morales,4.05,3.3,4.23,3.89,3.0,4.64,3.85,100.0,No,3
926,Jorge Díaz,Femenino,Grupo 4,Medio,C,Prof. Gómez,3.56,3.59,2.59,2.42,3.15,2.9,3.04,93.8,No,4
927,Isabel Rodríguez,Femenino,Grupo 1,Medio,A,Prof. Torres,3.72,3.68,2.94,2.75,3.96,2.4,3.24,80.9,No,3
928,Miguel Morales,Masculino,Grupo 1,Bajo,A,Prof. Morales,3.78,3.87,2.84,2.95,2.13,3.82,3.23,77.8,No,2
929,Fernando Martínez,Femenino,Grupo 1,Alto,A,Prof. Pérez,3.81,1.47,3.73,3.88,2.77,2.85,3.09,88.2,No,3
930,Fernando Rodríguez,Femenino,Grupo 2,Medio,D,Prof. Pérez,3.33,3.76,4.37,3.29,3.65,3.88,3.71,97.4,No,5
931,Ricardo Díaz,Otro,Grupo 4,Bajo,D,Prof. Morales,3.22,3.22,2.09,4.45,2.31,4.31,3.27,96.8,No,3
932,Carmen Ortiz,Otro,Grupo 1,Medio,C,Prof. Torres,3.39,3.01,3.57,4.06,3.28,3.73,3.51,92.2,No,3
933,Carmen Díaz,Otro,Grupo 4,Medio,A,Prof. Morales,2.7,4.06,2.85,2.94,3.17,4.07,3.3,89.7,No,3
934,Valentina Rodríguez,Otro,Grupo 2,Bajo,D,Prof. Torres,4.0,4.53,4.2,3.94,4.11,4.07,4.14,100.0,No,2
935,Luis Castillo,Otro,Grupo 1,Alto,C,Prof. Ruiz,2.94,3.98,3.33,3.21,3.32,4.19,3.5,94.6,No,3
936,Carlos Ortiz,Otro,Grupo 3,Alto,A,Prof. Morales,2.76,3.14,3.59,3.83,4.33,3.53,3.53,89.3,No,4
937,Miguel Flores,Femenino,Grupo 2,Bajo,B,Prof. Torres,3.49,2.75,3.5,4.1,3.56,4.05,3.58,84.8,No,3
938,Laura Pérez,Otro,Grupo 3,Alto,A,Prof. Morales,3.41,1.4,4.29,4.28,4.74,3.62,3.62,81.9,No,3
939,Laura Ramos,Otro,Grupo 4,Bajo,A,Prof. Morales,3.67,3.63,4.93,3.64,2.53,3.77,3.7,81.1,No,3
940,Carlos Rivera,Masculino,Grupo 4,Bajo,D,Prof. Torres,3.1,3.91,2.71,4.62,4.63,5.0,3.99,81.9,No,1
941,Valentina Flores,Femenino,Grupo 2,Bajo,C,Prof. Torres,3.23,3.43,2.83,3.81,3.21,3.67,3.36,92.2,No,2
942,Valentina González,Femenino,Grupo 4,Alto,C,Prof. Gómez,3.98,4.15,3.73,3.59,4.53,2.45,3.74,89.9,No,4
943,Carlos Sánchez,Femenino,Grupo 3,Medio,D,Prof. Morales,3.94,2.58,2.93,3.29,4.33,3.36,3.4,87.4,No,5
944,Pedro López,Otro,Grupo 1,Bajo,A,Prof. Pérez,3.91,3.38,4.15,3.06,1.5,3.28,3.21,95.9,No,4
945,Lucía Ortiz,Otro,Grupo 1,Medio,B,Prof. Morales,3.52,3.32,4.27,3.79,3.84,3.31,3.67,100.0,No,5
946,Juan Ortiz,Otro,Grupo 1,Medio,A,Prof. Morales,3.62,3.42,3.12,3.57,4.2,4.17,3.68,83.4,No,3
947,Jorge González,Masculino,Grupo 2,Bajo,A,Prof. Torres,3.66,4.32,2.97,3.68,4.43,4.29,3.89,84.6,No,2
948,Paula Hernández,Otro,Grupo 4,Alto,B,Prof. Morales,3.04,3.43,3.31,3.84,2.68,3.43,3.29,72.3,No,3
949,Ana Hernández,Masculino,Grupo 3,Alto,D,Prof. Morales,4.53,3.29,3.57,3.68,3.91,2.53,3.59,89.8,No,1
950,Ricardo Martínez,Femenino,Grupo 4,Medio,C,Prof. Pérez,4.43,2.84,3.72,4.91,3.64,3.57,3.85,89.0,No,4
951,Carlos Morales,Otro,Grupo 4,Alto,D,Prof. Torres,4.06,4.43,1.92,3.13,3.8,3.12,3.41,97.1,No,5
952,Laura González,Masculino,Grupo 4,Medio,D,Prof. Morales,3.2,2.5,2.82,3.8,4.2,3.65,3.36,89.3,No,4
953,Lucía Cruz,Masculino,Grupo 1,Alto,A,Prof. Ruiz,3.88,3.11,3.22,3.34,4.31,3.42,3.55,85.3,No,3
954,Paula Jiménez,Otro,Grupo 3,Medio,C,Prof. Gómez,4.18,4.69,2.94,1.78,3.04,4.35,3.5,91.5,No,2
955,Luis Flores,Femenino,Grupo 3,Medio,C,Prof. Pérez,2.64,3.83,1.49,3.36,3.69,3.69,3.12,94.5,No,2
956,Miguel Sánchez,Femenino,Grupo 4,Bajo,D,Prof. Morales,4.69,3.49,2.18,2.84,3.53,3.12,3.31,77.1,No,3
957,Elena Ramírez,Femenino,Grupo 1,Alto,B,Prof. Ruiz,2.28,3.52,2.59,3.45,3.33,2.53,2.95,98.1,Sí,3
958,Juan Morales,Masculino,Grupo 1,Medio,D,Prof. Morales,3.99,2.84,3.42,3.48,3.4,3.47,3.43,100.0,No,3
959,José Cruz,Masculino,Grupo 3,Bajo,B,Prof. Morales,4.52,3.45,3.19,3.77,3.64,3.47,3.67,94.4,No,5
960,Carmen Flores,Masculino,Grupo 1,Bajo,C,Prof. Torres,3.42,3.26,3.06,3.13,3.08,3.32,3.21,82.5,No,4
961,Jorge Ramírez,Masculino,Grupo 1,Medio,D,Prof. Torres,3.39,3.63,4.06,3.22,4.12,4.04,3.74,87.4,No,2
962,Isabel Ortiz,Femenino,Grupo 1,Medio,A,Prof. Torres,3.97,2.45,4.06,3.99,4.39,2.53,3.56,99.5,No,2
963,Jorge Ramos,Otro,Grupo 2,Medio,D,Prof. Ruiz,4.8,3.78,3.6,2.93,2.93,2.97,3.5,82.2,No,3
964,María López,Masculino,Grupo 4,Alto,C,Prof. Morales,3.3,4.21,3.58,2.21,4.42,3.54,3.54,95.0,No,2
965,Fernando Reyes,Masculino,Grupo 3,Bajo,A,Prof. Gómez,2.95,3.36,2.9,3.61,2.93,3.11,3.14,89.6,No,4
966,Fernando Rivera,Femenino,Grupo 3,Medio,A,Prof. Pérez,3.2,3.95,2.98,4.25,4.13,3.25,3.63,91.3,No,3
967,José Ramos,Otro,Grupo 2,Bajo,B,Prof. Torres,2.41,3.72,2.3,3.98,4.42,3.46,3.38,83.3,No,2
968,Pedro García,Otro,Grupo 4,Alto,A,Prof. Torres,4.13,3.07,3.32,3.62,3.43,3.98,3.59,92.6,No,3
969,María Hernández,Femenino,Grupo 3,Alto,A,Prof. Morales,3.14,2.76,4.05,4.38,2.93,3.43,3.45,92.1,No,3
970,Ana Torres,Femenino,Grupo 1,Medio,D,Prof. Morales,3.35,2.86,4.45,4.26,3.09,2.12,3.36,77.9,No,4
971,Jorge González,Otro,Grupo 3,Medio,C,Prof. Ruiz,4.14,3.71,3.33,3.27,3.75,3.08,3.55,90.0,No,1
972,Fernando Morales,Masculino,Grupo 1,Bajo,B,Prof. Ruiz,3.24,3.46,3.84,3.67,4.88,3.85,3.82,94.9,No,4
973,Sofía Torres,Otro,Grupo 2,Medio,D,Prof. Torres,4.03,4.39,1.5,3.7,2.32,4.03,3.33,86.9,No,3
974,Carlos Ramírez,Femenino,Grupo 1,Alto,A,Prof. Morales,2.77,4.05,3.2,3.44,3.57,4.07,3.52,70.4,No,4
975,Ana López,Masculino,Grupo 3,Medio,A,Prof. Gómez,4.17,4.05,3.18,4.29,3.44,4.27,3.9,89.1,No,1
976,Valentina Castillo,Masculino,Grupo 3,Bajo,B,Prof. Pérez,3.74,3.68,4.54,3.39,3.18,3.58,3.68,100.0,No,3
977,Paula Pérez,Femenino,Grupo 3,Medio,C,Prof. Morales,3.44,2.83,3.78,3.15,3.44,3.68,3.39,87.2,No,3
978,Juan Sánchez,Femenino,Grupo 2,Alto,B,Prof. Morales,3.59,3.73,3.85,1.69,3.12,2.79,3.13,100.0,No,3
979,Isabel Pérez,Femenino,Grupo 2,Bajo,D,Prof. Ruiz,2.6,3.54,3.81,2.94,4.37,1.98,3.21,83.5,No,4
980,Jorge Martínez,Otro,Grupo 4,Bajo,B,Prof. Pérez,3.58,2.7,3.53,2.58,4.44,2.51,3.22,80.7,No,3
981,Valentina Torres,Otro,Grupo 3,Medio,A,Prof. Torres,3.4,4.35,4.57,3.47,3.56,3.01,3.73,90.0,No,4
982,Miguel Reyes,Masculino,Grupo 1,Alto,D,Prof. Morales,2.62,4.27,1.89,2.62,3.4,2.55,2.89,83.4,Sí,2
983,Ana Martínez,Femenino,Grupo 2,Bajo,A,Prof. Torres,3.03,2.7,3.6,3.93,3.15,3.29,3.28,92.6,No,4
984,Miguel Ramos,Masculino,Grupo 3,Bajo,C,Prof. Morales,3.41,3.05,4.29,4.28,3.56,3.18,3.63,87.0,No,2
985,Fernando Torres,Masculino,Grupo 3,Bajo,A,Prof. Torres,3.07,3.12,2.18,3.48,4.79,4.16,3.47,100.0,No,4
986,Fernando Sánchez,Masculino,Grupo 2,Bajo,A,Prof. Pérez,1.81,3.93,4.09,2.81,3.43,2.82,3.15,86.5,No,5
987,Carmen Torres,Masculino,Grupo 4,Medio,B,Prof. Ruiz,4.25,3.85,2.97,3.7,2.91,3.6,3.55,90.7,No,3
988,Andrés Rodríguez,Femenino,Grupo 2,Medio,A,Prof. Pérez,3.4,3.53,3.58,4.83,3.22,3.21,3.63,94.8,No,3
989,Valentina Ortiz,Masculino,Grupo 2,Medio,D,Prof. Gómez,1.91,3.69,2.95,4.61,4.03,2.8,3.33,97.7,No,3
990,Lucía Rodríguez,Femenino,Grupo 1,Medio,D,Prof. Ruiz,4.99,2.6,4.17,2.52,3.0,2.99,3.38,100.0,No,1
991,Laura Sánchez,Femenino,Grupo 1,Bajo,C,Prof. Pérez,4.37,3.77,3.3,2.49,3.48,2.06,3.24,88.1,No,3
992,Lucía Hernández,Otro,Grupo 4,Alto,D,Prof. Gómez,3.26,3.43,4.09,2.31,3.83,4.02,3.49,86.8,No,3
993,Paula Cruz,Femenino,Grupo 3,Medio,B,Prof. Morales,2.91,3.02,3.8,2.7,3.05,4.48,3.33,74.7,No,4
994,Carmen Pérez,Otro,Grupo 2,Alto,C,Prof. Morales,3.78,2.43,2.94,3.68,2.26,3.31,3.07,100.0,No,4
995,Juan García,Femenino,Grupo 4,Medio,D,Prof. Torres,3.64,3.52,3.85,3.11,2.75,3.52,3.4,92.9,No,4
996,Jorge Díaz,Femenino,Grupo 1,Bajo,B,Prof. Ruiz,3.88,3.75,3.04,2.91,2.9,3.29,3.3,96.0,No,3
997,Juan Cruz,Femenino,Grupo 2,Medio,D,Prof. Morales,2.91,2.31,3.54,4.23,3.34,2.93,3.21,94.4,No,4
998,Elena Rodríguez,Otro,Grupo 3,Bajo,D,Prof. Ruiz,4.27,3.51,3.29,3.87,3.53,3.99,3.74,90.4,No,3
999,Paula García,Otro,Grupo 1,Medio,A,Prof. Morales,3.17,3.59,4.13,2.31,4.08,3.72,3.5,92.8,No,3
1000,Elena Cruz,Masculino,Grupo 1,Bajo,D,Prof. Torres,3.98,3.11,3.88,4.19,2.64,1.46,3.21,85.5,No,3
